,Type,Total,HP,Attack,Defense,Sp.Atk,Sp.Def,Speed,Speed_BOX
0,Grass,318,45,49,49,65,65,45,16.160251283358548
1,Poison,318,45,49,49,65,65,45,16.160251283358548
2,Grass,405,60,62,63,80,80,60,19.724770343186712
3,Poison,405,60,62,63,80,80,60,19.724770343186712
4,Grass,525,80,82,83,100,100,80,24.005888212439956
5,Poison,525,80,82,83,100,100,80,24.005888212439956
6,Grass,625,80,100,123,122,120,80,24.005888212439956
7,Poison,625,80,100,123,122,120,80,24.005888212439956
8,Fire,309,39,52,43,60,50,65,20.838284076310067
9,Fire,405,58,64,58,80,65,80,24.005888212439956
10,Fire,534,78,84,78,109,85,100,27.910873257536
11,Flying,534,78,84,78,109,85,100,27.910873257536
12,Fire,634,78,130,111,130,85,100,27.910873257536
13,Dragon,634,78,130,111,130,85,100,27.910873257536
14,Fire,634,78,104,78,159,115,100,27.910873257536
15,Flying,634,78,104,78,159,115,100,27.910873257536
16,Water,314,44,48,65,50,64,43,15.654328656735567
17,Water,405,59,63,80,65,80,58,19.269992174954524
18,Water,530,79,83,100,85,105,78,23.596867282683704
19,Water,630,79,103,120,135,115,78,23.596867282683704
20,Bug,195,45,30,35,20,20,45,16.160251283358548
21,Bug,205,50,20,55,25,25,30,12.125675230565196
22,Bug,395,60,45,50,90,80,70,21.921079996274173
23,Flying,395,60,45,50,90,80,70,21.921079996274173
24,Bug,195,40,35,30,20,20,50,17.390606769087473
25,Poison,195,40,35,30,20,20,50,17.390606769087473
26,Bug,205,45,25,50,25,25,35,13.538242368052764
27,Poison,205,45,25,50,25,25,35,13.538242368052764
28,Bug,395,65,90,40,45,80,75,22.976115913827762
29,Poison,395,65,90,40,45,80,75,22.976115913827762
30,Bug,495,65,150,40,15,80,145,35.78035579285424
31,Poison,495,65,150,40,15,80,145,35.78035579285424
32,Normal,251,40,45,40,35,35,56,18.809480531601253
33,Flying,251,40,45,40,35,35,56,18.809480531601253
34,Normal,349,63,60,55,50,50,71,22.13422214748345
35,Flying,349,63,60,55,50,50,71,22.13422214748345
36,Normal,479,83,80,75,70,70,101,28.098259695857813
37,Flying,479,83,80,75,70,70,101,28.098259695857813
38,Normal,579,83,80,80,135,80,121,31.715545158569473
39,Flying,579,83,80,80,135,80,121,31.715545158569473
40,Normal,253,30,56,35,25,35,72,22.34627659976733
41,Dark,253,30,56,35,25,35,72,22.34627659976733
42,Normal,253,30,56,35,25,35,72,22.34627659976733
43,Normal,413,55,81,60,50,70,97,27.344584626116724
44,Dark,413,75,71,70,40,80,77,23.390929808535855
45,Normal,413,75,71,70,40,80,77,23.390929808535855
46,Normal,262,40,60,30,31,31,70,21.921079996274173
47,Flying,262,40,60,30,31,31,70,21.921079996274173
48,Normal,442,65,90,65,61,61,100,27.910873257536
49,Flying,442,65,90,65,61,61,100,27.910873257536
50,Poison,288,35,60,44,40,54,55,18.576987751106856
51,Poison,448,60,95,69,65,79,80,24.005888212439956
52,Electric,320,35,55,40,50,50,90,25.997872764800608
53,Electric,430,45,80,50,75,60,120,31.540113846268262
54,Electric,485,60,90,55,90,80,110,29.755500627023732
55,Electric,485,60,85,50,95,85,110,29.755500627023732
56,Psychic,485,60,85,50,95,85,110,29.755500627023732
57,Ground,300,50,75,85,20,30,40,14.879096819054277
58,Ice,300,50,75,90,10,35,40,14.879096819054277
59,Steel,300,50,75,90,10,35,40,14.879096819054277
60,Ground,450,75,100,110,45,55,65,20.838284076310067
61,Ice,450,75,100,120,25,65,65,20.838284076310067
62,Steel,450,75,100,120,25,65,65,20.838284076310067
63,Poison,275,55,47,52,40,40,41,15.139782254659167
64,Poison,365,70,62,67,55,55,56,18.809480531601253
65,Poison,505,90,92,87,75,85,76,23.1840185223887
66,Ground,505,90,92,87,75,85,76,23.1840185223887
67,Poison,273,46,57,40,40,40,50,17.390606769087473
68,Poison,365,61,72,57,55,55,65,20.838284076310067
69,Poison,505,81,102,77,85,75,85,25.0125279986216
70,Ground,505,81,102,77,85,75,85,25.0125279986216
71,Fairy,323,70,45,48,60,65,35,13.538242368052764
72,Fairy,483,95,70,73,95,90,60,19.724770343186712
73,Fire,299,38,41,40,50,65,65,20.838284076310067
74,Ice,299,38,41,40,50,65,65,20.838284076310067
75,Fire,505,73,76,75,81,100,100,27.910873257536
76,Ice,505,73,67,75,81,100,109,29.573862042828512
77,Fairy,505,73,67,75,81,100,109,29.573862042828512
78,Normal,270,115,45,20,45,25,20,9.009156952024188
79,Fairy,270,115,45,20,45,25,20,9.009156952024188
80,Normal,435,140,70,45,85,50,45,16.160251283358548
81,Fairy,435,140,70,45,85,50,45,16.160251283358548
82,Poison,245,40,45,35,30,40,55,18.576987751106856
83,Flying,245,40,45,35,30,40,55,18.576987751106856
84,Poison,455,75,80,70,65,75,90,25.997872764800608
85,Flying,455,75,80,70,65,75,90,25.997872764800608
86,Grass,320,45,50,55,75,65,30,12.125675230565196
87,Poison,320,45,50,55,75,65,30,12.125675230565196
88,Grass,395,60,65,70,85,75,40,14.879096819054277
89,Poison,395,60,65,70,85,75,40,14.879096819054277
90,Grass,490,75,80,85,110,90,50,17.390606769087473
91,Poison,490,75,80,85,110,90,50,17.390606769087473
92,Bug,285,35,70,55,45,55,25,10.624446679455303
93,Grass,285,35,70,55,45,55,25,10.624446679455303
94,Bug,405,60,95,80,60,80,30,12.125675230565196
95,Grass,405,60,95,80,60,80,30,12.125675230565196
96,Bug,305,60,55,50,40,55,45,16.160251283358548
97,Poison,305,60,55,50,40,55,45,16.160251283358548
98,Bug,450,70,65,60,90,75,90,25.997872764800608
99,Poison,450,70,65,60,90,75,90,25.997872764800608
100,Ground,265,10,55,25,35,45,95,26.963520810718382
101,Ground,265,10,55,30,35,45,90,25.997872764800608
102,Steel,265,10,55,30,35,45,90,25.997872764800608
103,Ground,425,35,100,50,50,70,120,31.540113846268262
104,Ground,425,35,100,60,50,70,110,29.755500627023732
105,Steel,425,35,100,60,50,70,110,29.755500627023732
106,Normal,290,40,45,35,40,40,90,25.997872764800608
107,Dark,290,40,35,35,50,40,90,25.997872764800608
108,Steel,290,50,65,55,40,40,40,14.879096819054277
109,Normal,440,65,70,60,65,65,115,30.654855794522515
110,Dark,440,65,60,60,75,65,115,30.654855794522515
111,Water,320,50,52,48,65,50,55,18.576987751106856
112,Water,500,80,82,78,95,80,85,25.0125279986216
113,Fighting,305,40,80,35,35,45,70,21.921079996274173
114,Fighting,455,65,105,60,60,70,95,26.963520810718382
115,Fire,350,55,70,45,70,50,60,19.724770343186712
116,Fire,555,90,110,80,100,80,95,26.963520810718382
117,Water,300,40,50,40,40,40,90,25.997872764800608
118,Water,385,65,65,65,50,50,90,25.997872764800608
119,Water,510,90,95,95,70,90,70,21.921079996274173
120,Fighting,510,90,95,95,70,90,70,21.921079996274173
121,Psychic,310,25,20,15,105,55,90,25.997872764800608
122,Psychic,400,40,35,30,120,70,105,28.841166960082482
123,Psychic,500,55,50,45,135,95,120,31.540113846268262
124,Psychic,600,55,50,65,175,105,150,36.59542164213214
125,Fighting,305,70,80,50,35,35,35,13.538242368052764
126,Fighting,405,80,100,70,50,60,45,16.160251283358548
127,Fighting,505,90,130,80,65,85,55,18.576987751106856
128,Grass,300,50,75,35,70,30,40,14.879096819054277
129,Poison,300,50,75,35,70,30,40,14.879096819054277
130,Grass,390,65,90,50,85,45,55,18.576987751106856
131,Poison,390,65,90,50,85,45,55,18.576987751106856
132,Grass,490,80,105,65,100,70,70,21.921079996274173
133,Poison,490,80,105,65,100,70,70,21.921079996274173
134,Water,335,40,40,35,50,100,70,21.921079996274173
135,Poison,335,40,40,35,50,100,70,21.921079996274173
136,Water,515,80,70,65,80,120,100,27.910873257536
137,Poison,515,80,70,65,80,120,100,27.910873257536
138,Rock,300,40,80,100,30,30,20,9.009156952024188
139,Ground,300,40,80,100,30,30,20,9.009156952024188
140,Rock,300,40,80,100,30,30,20,9.009156952024188
141,Electric,300,40,80,100,30,30,20,9.009156952024188
142,Rock,390,55,95,115,45,45,35,13.538242368052764
143,Ground,390,55,95,115,45,45,35,13.538242368052764
144,Rock,390,55,95,115,45,45,35,13.538242368052764
145,Electric,390,55,95,115,45,45,35,13.538242368052764
146,Rock,495,80,120,130,55,65,45,16.160251283358548
147,Ground,495,80,120,130,55,65,45,16.160251283358548
148,Rock,495,80,120,130,55,65,45,16.160251283358548
149,Electric,495,80,120,130,55,65,45,16.160251283358548
150,Fire,410,50,85,55,65,65,90,25.997872764800608
151,Psychic,410,50,85,55,65,65,90,25.997872764800608
152,Fire,500,65,100,70,80,80,105,28.841166960082482
153,Psychic,500,65,100,70,80,80,105,28.841166960082482
154,Fairy,500,65,100,70,80,80,105,28.841166960082482
155,Water,315,90,65,65,40,40,15,7.238280588538271
156,Psychic,315,90,65,65,40,40,15,7.238280588538271
157,Psychic,315,90,65,65,40,40,15,7.238280588538271
158,Water,490,95,75,110,100,80,30,12.125675230565196
159,Psychic,490,95,75,110,100,80,30,12.125675230565196
160,Water,590,95,75,180,130,80,30,12.125675230565196
161,Psychic,590,95,75,180,130,80,30,12.125675230565196
162,Poison,490,95,100,95,100,70,30,12.125675230565196
163,Psychic,490,95,100,95,100,70,30,12.125675230565196
164,Electric,325,25,35,70,95,55,45,16.160251283358548
165,Steel,325,25,35,70,95,55,45,16.160251283358548
166,Electric,465,50,60,95,120,70,70,21.921079996274173
167,Steel,465,50,60,95,120,70,70,21.921079996274173
168,Normal,377,52,90,55,58,62,60,19.724770343186712
169,Flying,377,52,90,55,58,62,60,19.724770343186712
170,Fighting,377,52,95,55,58,62,55,18.576987751106856
171,Normal,310,35,85,45,35,35,75,22.976115913827762
172,Flying,310,35,85,45,35,35,75,22.976115913827762
173,Normal,470,60,110,70,60,60,110,29.755500627023732
174,Flying,470,60,110,70,60,60,110,29.755500627023732
175,Water,325,65,45,55,45,70,45,16.160251283358548
176,Water,475,90,70,80,70,95,70,21.921079996274173
177,Ice,475,90,70,80,70,95,70,21.921079996274173
178,Poison,325,80,80,50,40,50,25,10.624446679455303
179,Poison,325,80,80,50,40,50,25,10.624446679455303
180,Dark,325,80,80,50,40,50,25,10.624446679455303
181,Poison,500,105,105,75,65,100,50,17.390606769087473
182,Poison,500,105,105,75,65,100,50,17.390606769087473
183,Dark,500,105,105,75,65,100,50,17.390606769087473
184,Water,305,30,65,100,45,25,40,14.879096819054277
185,Water,525,50,95,180,85,45,70,21.921079996274173
186,Ice,525,50,95,180,85,45,70,21.921079996274173
187,Ghost,310,30,35,30,100,35,80,24.005888212439956
188,Poison,310,30,35,30,100,35,80,24.005888212439956
189,Ghost,405,45,50,45,115,55,95,26.963520810718382
190,Poison,405,45,50,45,115,55,95,26.963520810718382
191,Ghost,500,60,65,60,130,75,110,29.755500627023732
192,Poison,500,60,65,60,130,75,110,29.755500627023732
193,Ghost,600,60,65,80,170,95,130,33.27144462411299
194,Poison,600,60,65,80,170,95,130,33.27144462411299
195,Rock,385,35,45,160,30,45,70,21.921079996274173
196,Ground,385,35,45,160,30,45,70,21.921079996274173
197,Psychic,328,60,48,45,43,90,42,15.398168089598679
198,Psychic,483,85,73,70,73,115,67,21.27491127333253
199,Water,325,30,105,90,25,25,50,17.390606769087473
200,Water,475,55,130,115,50,50,75,22.976115913827762
201,Electric,330,40,30,50,55,55,100,27.910873257536
202,Electric,490,60,50,70,80,80,150,36.59542164213214
203,Grass,325,60,40,80,60,45,40,14.879096819054277
204,Psychic,325,60,40,80,60,45,40,14.879096819054277
205,Grass,530,95,95,85,125,75,55,18.576987751106856
206,Psychic,530,95,95,85,125,75,55,18.576987751106856
207,Grass,530,95,105,85,125,75,45,16.160251283358548
208,Dragon,530,95,105,85,125,75,45,16.160251283358548
209,Ground,320,50,50,95,40,50,35,13.538242368052764
210,Ground,425,60,80,110,50,80,45,16.160251283358548
211,Fire,425,60,80,110,50,80,45,16.160251283358548
212,Ghost,425,60,80,110,50,80,45,16.160251283358548
213,Fighting,455,50,120,53,35,110,87,25.40912694562261
214,Fighting,455,50,105,79,35,110,76,23.1840185223887
215,Normal,385,90,55,75,60,75,30,12.125675230565196
216,Poison,340,40,65,95,60,45,35,13.538242368052764
217,Poison,490,65,90,120,85,70,60,19.724770343186712
218,Poison,490,65,90,120,85,70,60,19.724770343186712
219,Fairy,490,65,90,120,85,70,60,19.724770343186712
220,Ground,345,80,85,95,30,30,25,10.624446679455303
221,Rock,345,80,85,95,30,30,25,10.624446679455303
222,Ground,485,105,130,120,45,45,40,14.879096819054277
223,Rock,485,105,130,120,45,45,40,14.879096819054277
224,Normal,450,250,5,5,35,105,50,17.390606769087473
225,Grass,435,65,55,115,100,40,60,19.724770343186712
226,Normal,490,105,95,80,40,80,90,25.997872764800608
227,Normal,590,105,125,100,60,100,100,27.910873257536
228,Water,295,30,40,70,70,25,60,19.724770343186712
229,Water,440,55,65,95,95,45,85,25.0125279986216
230,Water,320,45,67,60,35,50,63,20.396748599259034
231,Water,450,80,92,65,65,80,68,21.491446910675826
232,Water,340,30,45,55,70,55,85,25.0125279986216
233,Water,520,60,75,85,100,85,115,30.654855794522515
234,Psychic,520,60,75,85,100,85,115,30.654855794522515
235,Psychic,460,40,45,65,100,120,90,25.997872764800608
236,Fairy,460,40,45,65,100,120,90,25.997872764800608
237,Psychic,460,50,65,65,90,90,100,27.910873257536
238,Ice,460,50,65,65,90,90,100,27.910873257536
239,Bug,500,70,110,80,55,80,105,28.841166960082482
240,Flying,500,70,110,80,55,80,105,28.841166960082482
241,Ice,455,65,50,35,115,95,95,26.963520810718382
242,Psychic,455,65,50,35,115,95,95,26.963520810718382
243,Electric,490,65,83,57,95,85,105,28.841166960082482
244,Fire,495,65,95,57,100,85,93,26.5795315296556
245,Bug,500,65,125,100,55,70,85,25.0125279986216
246,Bug,600,65,155,120,65,90,105,28.841166960082482
247,Flying,600,65,155,120,65,90,105,28.841166960082482
248,Normal,490,75,100,95,40,70,110,29.755500627023732
249,Water,200,20,10,55,15,20,80,24.005888212439956
250,Water,540,95,125,79,60,100,81,24.209004130911264
251,Flying,540,95,125,79,60,100,81,24.209004130911264
252,Water,640,95,155,109,70,130,81,24.209004130911264
253,Dark,640,95,155,109,70,130,81,24.209004130911264
254,Water,535,130,85,80,85,95,60,19.724770343186712
255,Ice,535,130,85,80,85,95,60,19.724770343186712
256,Normal,288,48,48,48,48,48,48,16.9040858288132
257,Normal,325,55,55,50,45,65,55,18.576987751106856
258,Normal,435,65,75,70,65,85,75,22.976115913827762
259,Water,525,130,65,60,110,95,65,20.838284076310067
260,Electric,525,65,65,60,110,95,130,33.27144462411299
261,Fire,525,65,130,60,95,110,65,20.838284076310067
262,Normal,395,65,60,70,85,75,40,14.879096819054277
263,Rock,355,35,40,100,90,55,35,13.538242368052764
264,Water,355,35,40,100,90,55,35,13.538242368052764
265,Rock,495,70,60,125,115,70,55,18.576987751106856
266,Water,495,70,60,125,115,70,55,18.576987751106856
267,Rock,355,30,80,90,55,45,55,18.576987751106856
268,Water,355,30,80,90,55,45,55,18.576987751106856
269,Rock,495,60,115,105,65,70,80,24.005888212439956
270,Water,495,60,115,105,65,70,80,24.005888212439956
271,Rock,515,80,105,65,60,75,130,33.27144462411299
272,Flying,515,80,105,65,60,75,130,33.27144462411299
273,Rock,615,80,135,85,70,95,150,36.59542164213214
274,Flying,615,80,135,85,70,95,150,36.59542164213214
275,Normal,540,160,110,65,65,110,30,12.125675230565196
276,Ice,580,90,85,100,95,125,85,25.0125279986216
277,Flying,580,90,85,100,95,125,85,25.0125279986216
278,Electric,580,90,90,85,125,90,100,27.910873257536
279,Flying,580,90,90,85,125,90,100,27.910873257536
280,Fire,580,90,100,90,125,85,90,25.997872764800608
281,Flying,580,90,100,90,125,85,90,25.997872764800608
282,Dragon,300,41,64,45,50,50,50,17.390606769087473
283,Dragon,420,61,84,65,70,70,70,21.921079996274173
284,Dragon,600,91,134,95,100,100,80,24.005888212439956
285,Flying,600,91,134,95,100,100,80,24.005888212439956
286,Psychic,680,106,110,90,154,90,130,33.27144462411299
287,Psychic,780,106,190,100,154,100,130,33.27144462411299
288,Fighting,780,106,190,100,154,100,130,33.27144462411299
289,Psychic,780,106,150,70,194,120,140,34.955014252931264
290,Psychic,600,100,100,100,100,100,100,27.910873257536
291,Grass,318,45,49,65,49,65,45,16.160251283358548
292,Grass,405,60,62,80,63,80,60,19.724770343186712
293,Grass,525,80,82,100,83,100,80,24.005888212439956
294,Fire,309,39,52,43,60,50,65,20.838284076310067
295,Fire,405,58,64,58,80,65,80,24.005888212439956
296,Fire,534,78,84,78,109,85,100,27.910873257536
297,Water,314,50,65,64,44,48,43,15.654328656735567
298,Water,405,65,80,80,59,63,58,19.269992174954524
299,Water,530,85,105,100,79,83,78,23.596867282683704
300,Normal,215,35,46,34,35,45,20,9.009156952024188
301,Normal,415,85,76,64,45,55,90,25.997872764800608
302,Normal,262,60,30,30,36,56,50,17.390606769087473
303,Flying,262,60,30,30,36,56,50,17.390606769087473
304,Normal,452,100,50,50,86,96,70,21.921079996274173
305,Flying,452,100,50,50,86,96,70,21.921079996274173
306,Bug,265,40,20,30,40,80,55,18.576987751106856
307,Flying,265,40,20,30,40,80,55,18.576987751106856
308,Bug,390,55,35,50,55,110,85,25.0125279986216
309,Flying,390,55,35,50,55,110,85,25.0125279986216
310,Bug,250,40,60,40,40,40,30,12.125675230565196
311,Poison,250,40,60,40,40,40,30,12.125675230565196
312,Bug,400,70,90,70,60,70,40,14.879096819054277
313,Poison,400,70,90,70,60,70,40,14.879096819054277
314,Poison,535,85,90,80,70,80,130,33.27144462411299
315,Flying,535,85,90,80,70,80,130,33.27144462411299
316,Water,330,75,38,38,56,56,67,21.27491127333253
317,Electric,330,75,38,38,56,56,67,21.27491127333253
318,Water,460,125,58,58,76,76,67,21.27491127333253
319,Electric,460,125,58,58,76,76,67,21.27491127333253
320,Electric,205,20,40,15,35,35,60,19.724770343186712
321,Fairy,218,50,25,28,45,55,15,7.238280588538271
322,Normal,210,90,30,15,40,20,15,7.238280588538271
323,Fairy,210,90,30,15,40,20,15,7.238280588538271
324,Fairy,245,35,20,65,40,65,20,9.009156952024188
325,Fairy,405,55,40,85,80,105,40,14.879096819054277
326,Flying,405,55,40,85,80,105,40,14.879096819054277
327,Psychic,320,40,50,45,70,45,70,21.921079996274173
328,Flying,320,40,50,45,70,45,70,21.921079996274173
329,Psychic,470,65,75,70,95,70,95,26.963520810718382
330,Flying,470,65,75,70,95,70,95,26.963520810718382
331,Electric,280,55,40,40,65,45,35,13.538242368052764
332,Electric,365,70,55,55,80,60,45,16.160251283358548
333,Electric,510,90,75,85,115,90,55,18.576987751106856
334,Electric,610,90,95,105,165,110,45,16.160251283358548
335,Dragon,610,90,95,105,165,110,45,16.160251283358548
336,Grass,490,75,80,95,90,100,50,17.390606769087473
337,Water,250,70,20,50,20,50,40,14.879096819054277
338,Fairy,250,70,20,50,20,50,40,14.879096819054277
339,Water,420,100,50,80,60,80,50,17.390606769087473
340,Fairy,420,100,50,80,60,80,50,17.390606769087473
341,Rock,410,70,100,115,30,65,30,12.125675230565196
342,Water,500,90,75,75,90,100,70,21.921079996274173
343,Grass,250,35,35,40,35,55,50,17.390606769087473
344,Flying,250,35,35,40,35,55,50,17.390606769087473
345,Grass,340,55,45,50,45,65,80,24.005888212439956
346,Flying,340,55,45,50,45,65,80,24.005888212439956
347,Grass,460,75,55,70,55,95,110,29.755500627023732
348,Flying,460,75,55,70,55,95,110,29.755500627023732
349,Normal,360,55,70,55,40,55,85,25.0125279986216
350,Grass,180,30,30,30,30,30,30,12.125675230565196
351,Grass,425,75,75,55,105,85,30,12.125675230565196
352,Bug,390,65,65,45,75,45,95,26.963520810718382
353,Flying,390,65,65,45,75,45,95,26.963520810718382
354,Water,210,55,45,45,25,25,15,7.238280588538271
355,Ground,210,55,45,45,25,25,15,7.238280588538271
356,Water,430,95,85,85,65,65,35,13.538242368052764
357,Ground,430,95,85,85,65,65,35,13.538242368052764
358,Psychic,525,65,65,60,130,95,110,29.755500627023732
359,Dark,525,95,65,110,60,130,65,20.838284076310067
360,Dark,405,60,85,42,85,42,91,26.192530668160618
361,Flying,405,60,85,42,85,42,91,26.192530668160618
362,Water,490,95,75,80,100,110,30,12.125675230565196
363,Psychic,490,95,75,80,100,110,30,12.125675230565196
364,Ghost,435,60,60,60,85,85,85,25.0125279986216
365,Psychic,336,48,72,48,72,48,48,16.9040858288132
366,Psychic,405,190,33,58,33,58,33,12.982632792625973
367,Normal,455,70,80,65,90,65,85,25.0125279986216
368,Psychic,455,70,80,65,90,65,85,25.0125279986216
369,Bug,290,50,65,90,35,35,15,7.238280588538271
370,Bug,465,75,90,140,60,60,40,14.879096819054277
371,Steel,465,75,90,140,60,60,40,14.879096819054277
372,Normal,415,100,70,70,65,65,45,16.160251283358548
373,Ground,430,65,75,105,35,65,85,25.0125279986216
374,Flying,430,65,75,105,35,65,85,25.0125279986216
375,Steel,510,75,85,200,55,65,30,12.125675230565196
376,Ground,510,75,85,200,55,65,30,12.125675230565196
377,Steel,610,75,125,230,55,95,30,12.125675230565196
378,Ground,610,75,125,230,55,95,30,12.125675230565196
379,Fairy,300,60,80,50,40,40,30,12.125675230565196
380,Fairy,450,90,120,75,60,60,45,16.160251283358548
381,Water,440,65,95,85,55,55,85,25.0125279986216
382,Poison,440,65,95,85,55,55,85,25.0125279986216
383,Bug,500,70,130,100,55,80,65,20.838284076310067
384,Steel,500,70,130,100,55,80,65,20.838284076310067
385,Bug,600,70,150,140,65,100,75,22.976115913827762
386,Steel,600,70,150,140,65,100,75,22.976115913827762
387,Bug,505,20,10,230,10,230,5,2.8057872411937157
388,Rock,505,20,10,230,10,230,5,2.8057872411937157
389,Bug,500,80,125,75,40,95,85,25.0125279986216
390,Fighting,500,80,125,75,40,95,85,25.0125279986216
391,Bug,600,80,185,115,40,105,75,22.976115913827762
392,Fighting,600,80,185,115,40,105,75,22.976115913827762
393,Dark,430,55,95,55,35,75,115,30.654855794522515
394,Ice,430,55,95,55,35,75,115,30.654855794522515
395,Normal,330,60,80,50,50,50,40,14.879096819054277
396,Normal,500,90,130,75,75,75,55,18.576987751106856
397,Fire,250,40,40,40,70,40,20,9.009156952024188
398,Fire,430,60,50,120,90,80,30,12.125675230565196
399,Rock,430,60,50,120,90,80,30,12.125675230565196
400,Ice,250,50,50,40,30,30,50,17.390606769087473
401,Ground,250,50,50,40,30,30,50,17.390606769087473
402,Ice,450,100,100,80,60,60,50,17.390606769087473
403,Ground,450,100,100,80,60,60,50,17.390606769087473
404,Water,410,65,55,95,65,95,35,13.538242368052764
405,Rock,410,65,55,95,65,95,35,13.538242368052764
406,Ghost,410,60,55,100,65,100,30,12.125675230565196
407,Water,300,35,65,35,65,35,65,20.838284076310067
408,Water,480,75,105,75,105,75,45,16.160251283358548
409,Ice,330,45,55,45,65,45,75,22.976115913827762
410,Flying,330,45,55,45,65,45,75,22.976115913827762
411,Water,485,85,40,70,80,140,70,21.921079996274173
412,Flying,485,85,40,70,80,140,70,21.921079996274173
413,Steel,465,65,80,140,40,70,70,21.921079996274173
414,Flying,465,65,80,140,40,70,70,21.921079996274173
415,Dark,330,45,60,30,80,50,65,20.838284076310067
416,Fire,330,45,60,30,80,50,65,20.838284076310067
417,Dark,500,75,90,50,110,80,95,26.963520810718382
418,Fire,500,75,90,50,110,80,95,26.963520810718382
419,Dark,600,75,90,90,140,90,115,30.654855794522515
420,Fire,600,75,90,90,140,90,115,30.654855794522515
421,Water,540,75,95,95,95,95,85,25.0125279986216
422,Dragon,540,75,95,95,95,95,85,25.0125279986216
423,Ground,330,90,60,60,40,40,40,14.879096819054277
424,Ground,500,90,120,120,60,60,50,17.390606769087473
425,Normal,515,85,80,90,105,95,60,19.724770343186712
426,Normal,465,73,95,62,85,65,85,25.0125279986216
427,Normal,250,55,20,35,20,45,75,22.976115913827762
428,Fighting,210,35,35,35,35,35,35,13.538242368052764
429,Fighting,455,50,95,95,35,110,70,21.921079996274173
430,Ice,305,45,30,15,85,65,65,20.838284076310067
431,Psychic,305,45,30,15,85,65,65,20.838284076310067
432,Electric,360,45,63,37,65,55,95,26.963520810718382
433,Fire,365,45,75,37,70,55,83,24.612524509924082
434,Normal,490,95,80,105,40,70,100,27.910873257536
435,Normal,540,255,10,10,75,135,55,18.576987751106856
436,Electric,580,90,85,75,115,100,115,30.654855794522515
437,Fire,580,115,115,85,90,75,100,27.910873257536
438,Water,580,100,75,115,90,115,85,25.0125279986216
439,Rock,300,50,64,50,45,50,41,15.139782254659167
440,Ground,300,50,64,50,45,50,41,15.139782254659167
441,Rock,410,70,84,70,65,70,51,17.631211086309538
442,Ground,410,70,84,70,65,70,51,17.631211086309538
443,Rock,600,100,134,110,95,100,61,19.950091123988223
444,Dark,600,100,134,110,95,100,61,19.950091123988223
445,Rock,700,100,164,150,95,120,71,22.13422214748345
446,Dark,700,100,164,150,95,120,71,22.13422214748345
447,Psychic,680,106,90,130,90,154,110,29.755500627023732
448,Flying,680,106,90,130,90,154,110,29.755500627023732
449,Fire,680,106,130,90,110,154,90,25.997872764800608
450,Flying,680,106,130,90,110,154,90,25.997872764800608
451,Psychic,600,100,100,100,100,100,100,27.910873257536
452,Grass,600,100,100,100,100,100,100,27.910873257536
453,Grass,310,40,45,35,65,55,70,21.921079996274173
454,Grass,405,50,65,45,85,65,95,26.963520810718382
455,Grass,530,70,85,65,105,85,120,31.540113846268262
456,Grass,630,70,110,75,145,85,145,35.78035579285424
457,Dragon,630,70,110,75,145,85,145,35.78035579285424
458,Fire,310,45,60,40,70,50,45,16.160251283358548
459,Fire,405,60,85,60,85,60,55,18.576987751106856
460,Fighting,405,60,85,60,85,60,55,18.576987751106856
461,Fire,530,80,120,70,110,70,80,24.005888212439956
462,Fighting,530,80,120,70,110,70,80,24.005888212439956
463,Fire,630,80,160,80,130,80,100,27.910873257536
464,Fighting,630,80,160,80,130,80,100,27.910873257536
465,Water,310,50,70,50,50,50,40,14.879096819054277
466,Water,405,70,85,70,60,70,50,17.390606769087473
467,Ground,405,70,85,70,60,70,50,17.390606769087473
468,Water,535,100,110,90,85,90,60,19.724770343186712
469,Ground,535,100,110,90,85,90,60,19.724770343186712
470,Water,635,100,150,110,95,110,70,21.921079996274173
471,Ground,635,100,150,110,95,110,70,21.921079996274173
472,Dark,220,35,55,35,30,30,35,13.538242368052764
473,Dark,420,70,90,70,60,60,70,21.921079996274173
474,Normal,240,38,30,41,30,41,60,19.724770343186712
475,Dark,240,38,30,41,30,41,60,19.724770343186712
476,Normal,240,38,30,41,30,41,60,19.724770343186712
477,Normal,420,78,70,61,50,61,100,27.910873257536
478,Dark,420,78,70,61,50,61,100,27.910873257536
479,Normal,420,78,70,61,50,61,100,27.910873257536
480,Bug,195,45,45,35,20,30,20,9.009156952024188
481,Bug,205,50,35,55,25,25,15,7.238280588538271
482,Bug,395,60,70,50,100,50,65,20.838284076310067
483,Flying,395,60,70,50,100,50,65,20.838284076310067
484,Bug,205,50,35,55,25,25,15,7.238280588538271
485,Bug,385,60,50,70,50,90,65,20.838284076310067
486,Poison,385,60,50,70,50,90,65,20.838284076310067
487,Water,220,40,30,30,40,50,30,12.125675230565196
488,Grass,220,40,30,30,40,50,30,12.125675230565196
489,Water,340,60,50,50,60,70,50,17.390606769087473
490,Grass,340,60,50,50,60,70,50,17.390606769087473
491,Water,480,80,70,70,90,100,70,21.921079996274173
492,Grass,480,80,70,70,90,100,70,21.921079996274173
493,Grass,220,40,40,50,30,30,30,12.125675230565196
494,Grass,340,70,70,40,60,40,60,19.724770343186712
495,Dark,340,70,70,40,60,40,60,19.724770343186712
496,Grass,480,90,100,60,90,60,80,24.005888212439956
497,Dark,480,90,100,60,90,60,80,24.005888212439956
498,Normal,270,40,55,30,30,30,85,25.0125279986216
499,Flying,270,40,55,30,30,30,85,25.0125279986216
500,Normal,455,60,85,60,75,50,125,32.4120699582285
501,Flying,455,60,85,60,75,50,125,32.4120699582285
502,Water,270,40,30,30,55,30,85,25.0125279986216
503,Flying,270,40,30,30,55,30,85,25.0125279986216
504,Water,440,60,50,100,95,70,65,20.838284076310067
505,Flying,440,60,50,100,95,70,65,20.838284076310067
506,Psychic,198,28,25,25,45,35,40,14.879096819054277
507,Fairy,198,28,25,25,45,35,40,14.879096819054277
508,Psychic,278,38,35,35,65,55,50,17.390606769087473
509,Fairy,278,38,35,35,65,55,50,17.390606769087473
510,Psychic,518,68,65,65,125,115,80,24.005888212439956
511,Fairy,518,68,65,65,125,115,80,24.005888212439956
512,Psychic,618,68,85,65,165,135,100,27.910873257536
513,Fairy,618,68,85,65,165,135,100,27.910873257536
514,Bug,269,40,30,32,50,52,65,20.838284076310067
515,Water,269,40,30,32,50,52,65,20.838284076310067
516,Bug,454,70,60,62,100,82,80,24.005888212439956
517,Flying,454,70,60,62,100,82,80,24.005888212439956
518,Grass,295,60,40,60,40,60,35,13.538242368052764
519,Grass,460,60,130,80,60,60,70,21.921079996274173
520,Fighting,460,60,130,80,60,60,70,21.921079996274173
521,Normal,280,60,60,60,35,35,30,12.125675230565196
522,Normal,440,80,80,80,55,55,90,25.997872764800608
523,Normal,670,150,160,100,95,65,100,27.910873257536
524,Bug,266,31,45,90,30,30,40,14.879096819054277
525,Ground,266,31,45,90,30,30,40,14.879096819054277
526,Bug,456,61,90,45,50,50,160,38.19654825756985
527,Flying,456,61,90,45,50,50,160,38.19654825756985
528,Bug,236,1,90,45,30,30,40,14.879096819054277
529,Ghost,236,1,90,45,30,30,40,14.879096819054277
530,Normal,240,64,51,23,51,23,28,11.537002177425652
531,Normal,360,84,71,43,71,43,48,16.9040858288132
532,Normal,490,104,91,63,91,73,68,21.491446910675826
533,Fighting,237,72,60,30,20,30,25,10.624446679455303
534,Fighting,474,144,120,60,40,60,50,17.390606769087473
535,Normal,190,50,20,40,20,40,20,9.009156952024188
536,Fairy,190,50,20,40,20,40,20,9.009156952024188
537,Rock,375,30,45,135,45,90,30,12.125675230565196
538,Normal,260,50,45,45,35,35,50,17.390606769087473
539,Normal,400,70,65,65,55,55,90,25.997872764800608
540,Dark,380,50,75,75,65,65,50,17.390606769087473
541,Ghost,380,50,75,75,65,65,50,17.390606769087473
542,Dark,480,50,85,125,85,115,20,9.009156952024188
543,Ghost,480,50,85,125,85,115,20,9.009156952024188
544,Steel,380,50,85,85,55,55,50,17.390606769087473
545,Fairy,380,50,85,85,55,55,50,17.390606769087473
546,Steel,480,50,105,125,55,95,50,17.390606769087473
547,Fairy,480,50,105,125,55,95,50,17.390606769087473
548,Steel,330,50,70,100,40,40,30,12.125675230565196
549,Rock,330,50,70,100,40,40,30,12.125675230565196
550,Steel,430,60,90,140,50,50,40,14.879096819054277
551,Rock,430,60,90,140,50,50,40,14.879096819054277
552,Steel,530,70,110,180,60,60,50,17.390606769087473
553,Rock,530,70,110,180,60,60,50,17.390606769087473
554,Steel,630,70,140,230,60,80,50,17.390606769087473
555,Fighting,280,30,40,55,40,55,60,19.724770343186712
556,Psychic,280,30,40,55,40,55,60,19.724770343186712
557,Fighting,410,60,60,75,60,75,80,24.005888212439956
558,Psychic,410,60,60,75,60,75,80,24.005888212439956
559,Fighting,510,60,100,85,80,85,100,27.910873257536
560,Psychic,510,60,100,85,80,85,100,27.910873257536
561,Electric,295,40,45,40,65,40,65,20.838284076310067
562,Electric,475,70,75,60,105,60,105,28.841166960082482
563,Electric,575,70,75,80,135,80,135,34.11889325784002
564,Electric,405,60,50,40,85,75,95,26.963520810718382
565,Electric,405,60,40,50,75,85,95,26.963520810718382
566,Bug,430,65,73,75,47,85,85,25.0125279986216
567,Bug,430,65,47,75,73,85,85,25.0125279986216
568,Grass,400,50,60,45,100,80,65,20.838284076310067
569,Poison,400,50,60,45,100,80,65,20.838284076310067
570,Poison,302,70,43,53,43,53,40,14.879096819054277
571,Poison,467,100,73,83,73,83,55,18.576987751106856
572,Water,305,45,90,20,65,20,65,20.838284076310067
573,Dark,305,45,90,20,65,20,65,20.838284076310067
574,Water,460,70,120,40,95,40,95,26.963520810718382
575,Dark,460,70,120,40,95,40,95,26.963520810718382
576,Water,560,70,140,70,110,65,105,28.841166960082482
577,Dark,560,70,140,70,110,65,105,28.841166960082482
578,Water,400,130,70,35,70,35,60,19.724770343186712
579,Water,500,170,90,45,90,45,60,19.724770343186712
580,Fire,305,60,60,40,65,45,35,13.538242368052764
581,Ground,305,60,60,40,65,45,35,13.538242368052764
582,Fire,460,70,100,70,105,75,40,14.879096819054277
583,Ground,460,70,100,70,105,75,40,14.879096819054277
584,Fire,560,70,120,100,145,105,20,9.009156952024188
585,Ground,560,70,120,100,145,105,20,9.009156952024188
586,Fire,470,70,85,140,85,70,20,9.009156952024188
587,Psychic,330,60,25,35,70,80,60,19.724770343186712
588,Psychic,470,80,45,65,90,110,80,24.005888212439956
589,Normal,360,60,60,60,60,60,60,19.724770343186712
590,Ground,290,45,100,45,45,45,10,5.233876839067938
591,Ground,340,50,70,50,50,50,70,21.921079996274173
592,Dragon,340,50,70,50,50,50,70,21.921079996274173
593,Ground,520,80,100,80,80,80,100,27.910873257536
594,Dragon,520,80,100,80,80,80,100,27.910873257536
595,Grass,335,50,85,40,85,40,35,13.538242368052764
596,Grass,475,70,115,60,115,60,55,18.576987751106856
597,Dark,475,70,115,60,115,60,55,18.576987751106856
598,Normal,310,45,40,60,40,75,50,17.390606769087473
599,Flying,310,45,40,60,40,75,50,17.390606769087473
600,Dragon,490,75,70,90,70,105,80,24.005888212439956
601,Flying,490,75,70,90,70,105,80,24.005888212439956
602,Dragon,590,75,110,110,110,105,80,24.005888212439956
603,Fairy,590,75,110,110,110,105,80,24.005888212439956
604,Normal,458,73,115,60,60,60,90,25.997872764800608
605,Poison,458,73,100,60,100,60,65,20.838284076310067
606,Rock,460,90,55,65,95,85,70,21.921079996274173
607,Psychic,460,90,55,65,95,85,70,21.921079996274173
608,Rock,460,90,95,85,55,65,70,21.921079996274173
609,Psychic,460,90,95,85,55,65,70,21.921079996274173
610,Water,288,50,48,43,46,41,60,19.724770343186712
611,Ground,288,50,48,43,46,41,60,19.724770343186712
612,Water,468,110,78,73,76,71,60,19.724770343186712
613,Ground,468,110,78,73,76,71,60,19.724770343186712
614,Water,308,43,80,65,50,35,35,13.538242368052764
615,Water,468,63,120,85,90,55,55,18.576987751106856
616,Dark,468,63,120,85,90,55,55,18.576987751106856
617,Ground,300,40,40,55,40,70,55,18.576987751106856
618,Psychic,300,40,40,55,40,70,55,18.576987751106856
619,Ground,500,60,70,105,70,120,75,22.976115913827762
620,Psychic,500,60,70,105,70,120,75,22.976115913827762
621,Rock,355,66,41,77,61,87,23,9.993856599467454
622,Grass,355,66,41,77,61,87,23,9.993856599467454
623,Rock,495,86,81,97,81,107,43,15.654328656735567
624,Grass,495,86,81,97,81,107,43,15.654328656735567
625,Rock,355,45,95,50,40,50,75,22.976115913827762
626,Bug,355,45,95,50,40,50,75,22.976115913827762
627,Rock,495,75,125,100,70,80,45,16.160251283358548
628,Bug,495,75,125,100,70,80,45,16.160251283358548
629,Water,200,20,15,20,10,55,80,24.005888212439956
630,Water,540,95,60,79,100,125,81,24.209004130911264
631,Normal,420,70,70,70,70,70,70,21.921079996274173
632,Fire,420,70,70,70,70,70,70,21.921079996274173
633,Water,420,70,70,70,70,70,70,21.921079996274173
634,Ice,420,70,70,70,70,70,70,21.921079996274173
635,Normal,440,60,90,70,60,120,40,14.879096819054277
636,Ghost,295,44,75,35,63,33,45,16.160251283358548
637,Ghost,455,64,115,65,83,63,65,20.838284076310067
638,Ghost,555,64,165,75,93,83,75,22.976115913827762
639,Ghost,295,20,40,90,30,90,25,10.624446679455303
640,Ghost,455,40,70,130,60,130,25,10.624446679455303
641,Grass,460,99,68,83,72,87,51,17.631211086309538
642,Flying,460,99,68,83,72,87,51,17.631211086309538
643,Psychic,455,75,50,80,95,90,65,20.838284076310067
644,Dark,465,65,130,60,75,60,75,22.976115913827762
645,Dark,565,65,150,60,115,60,115,30.654855794522515
646,Psychic,260,95,23,48,23,48,23,9.993856599467454
647,Ice,300,50,50,50,50,50,50,17.390606769087473
648,Ice,480,80,80,80,80,80,80,24.005888212439956
649,Ice,580,80,120,80,120,80,100,27.910873257536
650,Ice,290,70,40,50,55,50,25,10.624446679455303
651,Water,290,70,40,50,55,50,25,10.624446679455303
652,Ice,410,90,60,70,75,70,45,16.160251283358548
653,Water,410,90,60,70,75,70,45,16.160251283358548
654,Ice,530,110,80,90,95,90,65,20.838284076310067
655,Water,530,110,80,90,95,90,65,20.838284076310067
656,Water,345,35,64,85,74,55,32,12.700252070061048
657,Water,485,55,104,105,94,75,52,17.870107703548598
658,Water,485,55,84,105,114,75,52,17.870107703548598
659,Water,485,100,90,130,45,65,55,18.576987751106856
660,Rock,485,100,90,130,45,65,55,18.576987751106856
661,Water,330,43,30,55,40,65,97,27.344584626116724
662,Dragon,300,45,75,60,40,30,50,17.390606769087473
663,Dragon,420,65,95,100,60,50,50,17.390606769087473
664,Dragon,600,95,135,80,110,80,100,27.910873257536
665,Flying,600,95,135,80,110,80,100,27.910873257536
666,Dragon,700,95,145,130,120,90,120,31.540113846268262
667,Flying,700,95,145,130,120,90,120,31.540113846268262
668,Steel,300,40,55,80,35,60,30,12.125675230565196
669,Psychic,300,40,55,80,35,60,30,12.125675230565196
670,Steel,420,60,75,100,55,80,50,17.390606769087473
671,Psychic,420,60,75,100,55,80,50,17.390606769087473
672,Steel,600,80,135,130,95,90,70,21.921079996274173
673,Psychic,600,80,135,130,95,90,70,21.921079996274173
674,Steel,700,80,145,150,105,110,110,29.755500627023732
675,Psychic,700,80,145,150,105,110,110,29.755500627023732
676,Rock,580,80,100,200,50,100,50,17.390606769087473
677,Ice,580,80,50,100,100,200,50,17.390606769087473
678,Steel,580,80,75,150,75,150,50,17.390606769087473
679,Dragon,600,80,80,90,110,130,110,29.755500627023732
680,Psychic,600,80,80,90,110,130,110,29.755500627023732
681,Dragon,700,80,100,120,140,150,110,29.755500627023732
682,Psychic,700,80,100,120,140,150,110,29.755500627023732
683,Dragon,600,80,90,80,130,110,110,29.755500627023732
684,Psychic,600,80,90,80,130,110,110,29.755500627023732
685,Dragon,700,80,130,100,160,120,110,29.755500627023732
686,Psychic,700,80,130,100,160,120,110,29.755500627023732
687,Water,670,100,100,90,150,140,90,25.997872764800608
688,Water,770,100,150,90,180,160,90,25.997872764800608
689,Ground,670,100,150,140,100,90,90,25.997872764800608
690,Ground,770,100,180,160,150,90,90,25.997872764800608
691,Fire,770,100,180,160,150,90,90,25.997872764800608
692,Dragon,680,105,150,90,150,90,95,26.963520810718382
693,Flying,680,105,150,90,150,90,95,26.963520810718382
694,Dragon,780,105,180,100,180,100,115,30.654855794522515
695,Flying,780,105,180,100,180,100,115,30.654855794522515
696,Steel,600,100,100,100,100,100,100,27.910873257536
697,Psychic,600,100,100,100,100,100,100,27.910873257536
698,Psychic,600,50,150,50,150,50,150,36.59542164213214
699,Psychic,600,50,180,20,180,20,150,36.59542164213214
700,Psychic,600,50,70,160,70,160,90,25.997872764800608
701,Psychic,600,50,95,90,95,90,180,41.29375672649422
702,Grass,318,55,68,64,45,55,31,12.414647106155547
703,Grass,405,75,89,85,55,65,36,13.811709612628894
704,Grass,525,95,109,105,75,85,56,18.809480531601253
705,Ground,525,95,109,105,75,85,56,18.809480531601253
706,Fire,309,44,58,44,58,44,61,19.950091123988223
707,Fire,405,64,78,52,78,52,81,24.209004130911264
708,Fighting,405,64,78,52,78,52,81,24.209004130911264
709,Fire,534,76,104,71,104,71,108,29.391617135842626
710,Fighting,534,76,104,71,104,71,108,29.391617135842626
711,Water,314,53,51,53,61,56,40,14.879096819054277
712,Water,405,64,66,68,81,76,50,17.390606769087473
713,Water,530,84,86,88,111,101,60,19.724770343186712
714,Steel,530,84,86,88,111,101,60,19.724770343186712
715,Normal,245,40,55,30,30,30,60,19.724770343186712
716,Flying,245,40,55,30,30,30,60,19.724770343186712
717,Normal,340,55,75,50,40,40,80,24.005888212439956
718,Flying,340,55,75,50,40,40,80,24.005888212439956
719,Normal,485,85,120,70,50,60,100,27.910873257536
720,Flying,485,85,120,70,50,60,100,27.910873257536
721,Normal,250,59,45,40,35,40,31,12.414647106155547
722,Normal,410,79,85,60,55,60,71,22.13422214748345
723,Water,410,79,85,60,55,60,71,22.13422214748345
724,Bug,194,37,25,41,25,41,25,10.624446679455303
725,Bug,384,77,85,51,55,51,65,20.838284076310067
726,Electric,263,45,65,34,40,34,45,16.160251283358548
727,Electric,363,60,85,49,60,49,60,19.724770343186712
728,Electric,523,80,120,79,95,79,70,21.921079996274173
729,Grass,280,40,30,35,50,70,55,18.576987751106856
730,Poison,280,40,30,35,50,70,55,18.576987751106856
731,Grass,515,60,70,65,125,105,90,25.997872764800608
732,Poison,515,60,70,65,125,105,90,25.997872764800608
733,Rock,350,67,125,40,30,30,58,19.269992174954524
734,Rock,495,97,165,60,65,50,58,19.269992174954524
735,Rock,350,30,42,118,42,88,30,12.125675230565196
736,Steel,350,30,42,118,42,88,30,12.125675230565196
737,Rock,495,60,52,168,47,138,30,12.125675230565196
738,Steel,495,60,52,168,47,138,30,12.125675230565196
739,Bug,224,40,29,45,29,45,36,13.811709612628894
740,Bug,424,60,59,85,79,105,36,13.811709612628894
741,Grass,424,60,59,85,79,105,36,13.811709612628894
742,Bug,424,60,79,105,59,85,36,13.811709612628894
743,Ground,424,60,79,105,59,85,36,13.811709612628894
744,Bug,424,60,69,95,69,95,36,13.811709612628894
745,Steel,424,60,69,95,69,95,36,13.811709612628894
746,Bug,424,70,94,50,94,50,66,21.05719845643591
747,Flying,424,70,94,50,94,50,66,21.05719845643591
748,Bug,244,30,30,42,30,42,70,21.921079996274173
749,Flying,244,30,30,42,30,42,70,21.921079996274173
750,Bug,474,70,80,102,80,102,40,14.879096819054277
751,Flying,474,70,80,102,80,102,40,14.879096819054277
752,Electric,405,60,45,70,45,90,95,26.963520810718382
753,Water,330,55,65,35,60,30,85,25.0125279986216
754,Water,495,85,105,55,85,50,115,30.654855794522515
755,Grass,275,45,35,45,62,53,35,13.538242368052764
756,Grass,450,70,60,70,87,78,85,25.0125279986216
757,Water,325,76,48,48,57,62,34,13.261921778631107
758,Water,475,111,83,68,92,82,39,14.616033036993262
759,Ground,475,111,83,68,92,82,39,14.616033036993262
760,Normal,482,75,100,66,60,66,115,30.654855794522515
761,Ghost,348,90,50,34,60,44,70,21.921079996274173
762,Flying,348,90,50,34,60,44,70,21.921079996274173
763,Ghost,498,150,80,44,90,54,80,24.005888212439956
764,Flying,498,150,80,44,90,54,80,24.005888212439956
765,Normal,350,55,66,44,44,56,85,25.0125279986216
766,Normal,480,65,76,84,54,96,105,28.841166960082482
767,Normal,580,65,136,94,54,96,135,34.11889325784002
768,Fighting,580,65,136,94,54,96,135,34.11889325784002
769,Ghost,495,60,60,60,105,105,105,28.841166960082482
770,Dark,505,100,125,52,105,52,71,22.13422214748345
771,Flying,505,100,125,52,105,52,71,22.13422214748345
772,Normal,310,49,55,42,42,37,85,25.0125279986216
773,Normal,452,71,82,64,64,59,112,30.116988675642208
774,Psychic,285,45,30,50,65,50,45,16.160251283358548
775,Poison,329,63,63,47,41,41,74,22.767203919304198
776,Dark,329,63,63,47,41,41,74,22.767203919304198
777,Poison,479,103,93,67,71,61,84,24.812958695592172
778,Dark,479,103,93,67,71,61,84,24.812958695592172
779,Steel,300,57,24,86,24,86,23,9.993856599467454
780,Psychic,300,57,24,86,24,86,23,9.993856599467454
781,Steel,500,67,89,116,79,116,33,12.982632792625973
782,Psychic,500,67,89,116,79,116,33,12.982632792625973
783,Rock,290,50,80,95,10,45,10,5.233876839067938
784,Psychic,310,20,25,45,70,90,60,19.724770343186712
785,Fairy,310,20,25,45,70,90,60,19.724770343186712
786,Normal,220,100,5,5,15,65,30,12.125675230565196
787,Normal,411,76,65,45,92,42,91,26.192530668160618
788,Flying,411,76,65,45,92,42,91,26.192530668160618
789,Ghost,485,50,92,108,92,108,35,13.538242368052764
790,Dark,485,50,92,108,92,108,35,13.538242368052764
791,Dragon,300,58,70,45,40,45,42,15.398168089598679
792,Ground,300,58,70,45,40,45,42,15.398168089598679
793,Dragon,410,68,90,65,50,55,82,24.41121120449021
794,Ground,410,68,90,65,50,55,82,24.41121120449021
795,Dragon,600,108,130,95,80,85,102,28.284973412116422
796,Ground,600,108,130,95,80,85,102,28.284973412116422
797,Dragon,700,108,170,115,120,95,92,26.386413100252252
798,Ground,700,108,170,115,120,95,92,26.386413100252252
799,Normal,390,135,85,40,40,85,5,2.8057872411937157
800,Fighting,285,40,70,40,35,40,60,19.724770343186712
801,Fighting,525,70,110,70,115,70,90,25.997872764800608
802,Steel,525,70,110,70,115,70,90,25.997872764800608
803,Fighting,625,70,145,88,140,70,112,30.116988675642208
804,Steel,625,70,145,88,140,70,112,30.116988675642208
805,Ground,330,68,72,78,38,42,32,12.700252070061048
806,Ground,525,108,112,118,68,72,47,16.65806878651076
807,Poison,330,40,50,90,30,55,65,20.838284076310067
808,Bug,330,40,50,90,30,55,65,20.838284076310067
809,Poison,500,70,90,110,60,75,95,26.963520810718382
810,Dark,500,70,90,110,60,75,95,26.963520810718382
811,Poison,300,48,61,40,61,40,50,17.390606769087473
812,Fighting,300,48,61,40,61,40,50,17.390606769087473
813,Poison,490,83,106,65,86,65,85,25.0125279986216
814,Fighting,490,83,106,65,86,65,85,25.0125279986216
815,Grass,454,74,100,72,90,72,46,16.410142872495747
816,Water,330,49,49,56,49,61,66,21.05719845643591
817,Water,460,69,69,76,69,86,91,26.192530668160618
818,Water,345,45,20,50,60,120,50,17.390606769087473
819,Flying,345,45,20,50,60,120,50,17.390606769087473
820,Grass,334,60,62,50,62,60,40,14.879096819054277
821,Ice,334,60,62,50,62,60,40,14.879096819054277
822,Grass,494,90,92,75,92,85,60,19.724770343186712
823,Ice,494,90,92,75,92,85,60,19.724770343186712
824,Grass,594,90,132,105,132,105,30,12.125675230565196
825,Ice,594,90,132,105,132,105,30,12.125675230565196
826,Dark,510,70,120,65,45,85,125,32.4120699582285
827,Ice,510,70,120,65,45,85,125,32.4120699582285
828,Electric,535,70,70,115,130,90,60,19.724770343186712
829,Steel,535,70,70,115,130,90,60,19.724770343186712
830,Normal,515,110,85,95,80,95,50,17.390606769087473
831,Ground,535,115,140,130,55,55,40,14.879096819054277
832,Rock,535,115,140,130,55,55,40,14.879096819054277
833,Grass,535,100,100,125,110,50,50,17.390606769087473
834,Electric,540,75,123,67,95,85,95,26.963520810718382
835,Fire,540,75,95,67,125,95,83,24.612524509924082
836,Fairy,545,85,50,95,120,115,80,24.005888212439956
837,Flying,545,85,50,95,120,115,80,24.005888212439956
838,Bug,515,86,76,86,116,56,95,26.963520810718382
839,Flying,515,86,76,86,116,56,95,26.963520810718382
840,Grass,525,65,110,130,60,65,95,26.963520810718382
841,Ice,525,65,60,110,130,95,65,20.838284076310067
842,Ground,510,75,95,125,45,75,95,26.963520810718382
843,Flying,510,75,95,125,45,75,95,26.963520810718382
844,Ice,530,110,130,80,70,60,80,24.005888212439956
845,Ground,530,110,130,80,70,60,80,24.005888212439956
846,Normal,535,85,80,70,135,75,90,25.997872764800608
847,Psychic,518,68,125,65,65,115,80,24.005888212439956
848,Fighting,518,68,125,65,65,115,80,24.005888212439956
849,Psychic,618,68,165,95,65,115,110,29.755500627023732
850,Fighting,618,68,165,95,65,115,110,29.755500627023732
851,Rock,525,60,55,145,75,150,40,14.879096819054277
852,Steel,525,60,55,145,75,150,40,14.879096819054277
853,Ghost,525,45,100,135,65,135,45,16.160251283358548
854,Ice,480,70,80,70,80,70,110,29.755500627023732
855,Ghost,480,70,80,70,80,70,110,29.755500627023732
856,Electric,440,50,50,77,95,77,91,26.192530668160618
857,Ghost,440,50,50,77,95,77,91,26.192530668160618
858,Electric,520,50,65,107,105,107,86,25.21124626112605
859,Fire,520,50,65,107,105,107,86,25.21124626112605
860,Electric,520,50,65,107,105,107,86,25.21124626112605
861,Water,520,50,65,107,105,107,86,25.21124626112605
862,Electric,520,50,65,107,105,107,86,25.21124626112605
863,Ice,520,50,65,107,105,107,86,25.21124626112605
864,Electric,520,50,65,107,105,107,86,25.21124626112605
865,Flying,520,50,65,107,105,107,86,25.21124626112605
866,Electric,520,50,65,107,105,107,86,25.21124626112605
867,Grass,520,50,65,107,105,107,86,25.21124626112605
868,Psychic,580,75,75,130,75,130,95,26.963520810718382
869,Psychic,580,80,105,105,105,105,80,24.005888212439956
870,Psychic,580,75,125,70,125,70,115,30.654855794522515
871,Steel,680,100,120,120,150,100,90,25.997872764800608
872,Dragon,680,100,120,120,150,100,90,25.997872764800608
873,Water,680,90,120,100,150,120,100,27.910873257536
874,Dragon,680,90,120,100,150,120,100,27.910873257536
875,Fire,600,91,90,106,130,106,77,23.390929808535855
876,Steel,600,91,90,106,130,106,77,23.390929808535855
877,Normal,670,110,160,110,80,110,100,27.910873257536
878,Ghost,680,150,100,120,100,120,90,25.997872764800608
879,Dragon,680,150,100,120,100,120,90,25.997872764800608
880,Ghost,680,150,120,100,120,100,90,25.997872764800608
881,Dragon,680,150,120,100,120,100,90,25.997872764800608
882,Psychic,600,120,70,120,75,130,85,25.0125279986216
883,Water,480,80,80,80,80,80,80,24.005888212439956
884,Water,600,100,100,100,100,100,100,27.910873257536
885,Dark,600,70,90,90,135,90,125,32.4120699582285
886,Grass,600,100,100,100,100,100,100,27.910873257536
887,Grass,600,100,103,75,120,75,127,32.7572915302483
888,Flying,600,100,103,75,120,75,127,32.7572915302483
889,Normal,720,120,120,120,120,120,120,31.540113846268262
890,Psychic,600,100,100,100,100,100,100,27.910873257536
891,Fire,600,100,100,100,100,100,100,27.910873257536
892,Grass,308,45,45,55,45,55,63,20.396748599259034
893,Grass,413,60,60,75,60,75,83,24.612524509924082
894,Grass,528,75,75,95,75,95,113,30.296852670481005
895,Fire,308,65,63,45,45,45,45,16.160251283358548
896,Fire,418,90,93,55,70,55,55,18.576987751106856
897,Fighting,418,90,93,55,70,55,55,18.576987751106856
898,Fire,528,110,123,65,100,65,65,20.838284076310067
899,Fighting,528,110,123,65,100,65,65,20.838284076310067
900,Water,308,55,55,45,63,45,45,16.160251283358548
901,Water,413,75,75,60,83,60,60,19.724770343186712
902,Water,528,95,100,85,108,70,70,21.921079996274173
903,Normal,255,45,55,39,35,39,42,15.398168089598679
904,Normal,420,60,85,69,60,69,77,23.390929808535855
905,Normal,275,45,60,45,25,45,55,18.576987751106856
906,Normal,370,65,80,65,35,65,60,19.724770343186712
907,Normal,500,85,110,90,45,90,80,24.005888212439956
908,Dark,281,41,50,37,50,37,66,21.05719845643591
909,Dark,446,64,88,50,88,50,106,29.025277518050547
910,Grass,316,50,53,48,53,48,64,20.618142860170057
911,Grass,498,75,98,63,98,63,101,28.098259695857813
912,Fire,316,50,53,48,53,48,64,20.618142860170057
913,Fire,498,75,98,63,98,63,101,28.098259695857813
914,Water,316,50,53,48,53,48,64,20.618142860170057
915,Water,498,75,98,63,98,63,101,28.098259695857813
916,Psychic,292,76,25,45,67,55,24,10.311538392153965
917,Psychic,487,116,55,85,107,95,29,11.833182460072413
918,Normal,264,50,55,50,36,30,43,15.654328656735567
919,Flying,264,50,55,50,36,30,43,15.654328656735567
920,Normal,358,62,77,62,50,42,65,20.838284076310067
921,Flying,358,62,77,62,50,42,65,20.838284076310067
922,Normal,488,80,115,80,65,55,93,26.5795315296556
923,Flying,488,80,115,80,65,55,93,26.5795315296556
924,Electric,295,45,60,32,50,32,76,23.1840185223887
925,Electric,497,75,100,63,80,63,116,30.83300856653031
926,Rock,280,55,75,85,25,25,15,7.238280588538271
927,Rock,390,70,105,105,50,40,20,9.009156952024188
928,Rock,515,85,135,130,60,80,25,10.624446679455303
929,Psychic,323,65,45,43,55,43,72,22.34627659976733
930,Flying,323,65,45,43,55,43,72,22.34627659976733
931,Psychic,425,67,57,55,77,55,114,30.47613941273797
932,Flying,425,67,57,55,77,55,114,30.47613941273797
933,Ground,328,60,85,40,30,45,68,21.491446910675826
934,Ground,508,110,135,60,50,65,88,25.606183149676603
935,Steel,508,110,135,60,50,65,88,25.606183149676603
936,Normal,445,103,60,86,60,86,50,17.390606769087473
937,Normal,545,103,60,126,80,126,50,17.390606769087473
938,Fairy,545,103,60,126,80,126,50,17.390606769087473
939,Fighting,305,75,80,55,25,35,35,13.538242368052764
940,Fighting,405,85,105,85,40,50,40,14.879096819054277
941,Fighting,505,105,140,95,55,65,45,16.160251283358548
942,Water,294,50,50,40,50,40,64,20.618142860170057
943,Water,384,75,65,55,65,55,69,21.706828906896
944,Ground,384,75,65,55,65,55,69,21.706828906896
945,Water,509,105,95,75,85,75,74,22.767203919304198
946,Ground,509,105,95,75,85,75,74,22.767203919304198
947,Fighting,465,120,100,85,30,85,45,16.160251283358548
948,Fighting,465,75,125,75,30,75,85,25.0125279986216
949,Bug,310,45,53,70,40,60,42,15.398168089598679
950,Grass,310,45,53,70,40,60,42,15.398168089598679
951,Bug,380,55,63,90,50,80,42,15.398168089598679
952,Grass,380,55,63,90,50,80,42,15.398168089598679
953,Bug,500,75,103,80,70,80,92,26.386413100252252
954,Grass,500,75,103,80,70,80,92,26.386413100252252
955,Bug,260,30,45,59,30,39,57,19.040470058926203
956,Poison,260,30,45,59,30,39,57,19.040470058926203
957,Bug,360,40,55,99,40,79,47,16.65806878651076
958,Poison,360,40,55,99,40,79,47,16.65806878651076
959,Bug,485,60,100,89,55,69,112,30.116988675642208
960,Poison,485,60,100,89,55,69,112,30.116988675642208
961,Grass,280,40,27,60,37,50,66,21.05719845643591
962,Fairy,280,40,27,60,37,50,66,21.05719845643591
963,Grass,480,60,67,85,77,75,116,30.83300856653031
964,Fairy,480,60,67,85,77,75,116,30.83300856653031
965,Grass,280,45,35,50,70,50,30,12.125675230565196
966,Grass,480,70,60,75,110,75,90,25.997872764800608
967,Water,460,70,92,65,80,55,98,27.53404524383084
968,Water,460,70,92,65,80,55,98,27.53404524383084
969,Ground,292,50,72,35,35,35,65,20.838284076310067
970,Dark,292,50,72,35,35,35,65,20.838284076310067
971,Ground,351,60,82,45,45,45,74,22.767203919304198
972,Dark,351,60,82,45,45,45,74,22.767203919304198
973,Ground,519,95,117,80,65,70,92,26.386413100252252
974,Dark,519,95,117,80,65,70,92,26.386413100252252
975,Fire,315,70,90,45,15,45,50,17.390606769087473
976,Ice,315,70,90,45,15,45,50,17.390606769087473
977,Fire,480,105,140,55,30,55,95,26.963520810718382
978,Fire,540,105,30,105,140,105,55,18.576987751106856
979,Psychic,540,105,30,105,140,105,55,18.576987751106856
980,Ice,480,105,140,55,30,55,95,26.963520810718382
981,Ice,540,105,160,55,30,55,135,34.11889325784002
982,Fire,540,105,160,55,30,55,135,34.11889325784002
983,Grass,461,75,86,67,106,67,60,19.724770343186712
984,Bug,325,50,65,85,35,35,55,18.576987751106856
985,Rock,325,50,65,85,35,35,55,18.576987751106856
986,Bug,485,70,105,125,65,75,45,16.160251283358548
987,Rock,485,70,105,125,65,75,45,16.160251283358548
988,Dark,348,50,75,70,35,70,48,16.9040858288132
989,Fighting,348,50,75,70,35,70,48,16.9040858288132
990,Dark,488,65,90,115,45,115,58,19.269992174954524
991,Fighting,488,65,90,115,45,115,58,19.269992174954524
992,Psychic,490,72,58,80,103,80,97,27.344584626116724
993,Flying,490,72,58,80,103,80,97,27.344584626116724
994,Ghost,303,38,30,85,55,65,30,12.125675230565196
995,Ground,303,38,55,85,30,65,30,12.125675230565196
996,Ghost,303,38,55,85,30,65,30,12.125675230565196
997,Ghost,483,58,50,145,95,105,30,12.125675230565196
998,Water,355,54,78,103,53,45,22,9.671115946265303
999,Rock,355,54,78,103,53,45,22,9.671115946265303
1000,Water,495,74,108,133,83,65,32,12.700252070061048
1001,Rock,495,74,108,133,83,65,32,12.700252070061048
1002,Rock,401,55,112,45,74,45,70,21.921079996274173
1003,Flying,401,55,112,45,74,45,70,21.921079996274173
1004,Rock,567,75,140,65,112,65,110,29.755500627023732
1005,Flying,567,75,140,65,112,65,110,29.755500627023732
1006,Poison,329,50,50,62,40,62,65,20.838284076310067
1007,Poison,474,80,95,82,60,82,75,22.976115913827762
1008,Dark,330,40,65,40,80,40,65,20.838284076310067
1009,Dark,510,60,105,60,120,60,105,28.841166960082482
1010,Normal,300,55,50,40,40,40,75,22.976115913827762
1011,Normal,470,75,95,60,65,60,115,30.654855794522515
1012,Psychic,290,45,30,50,55,65,45,16.160251283358548
1013,Psychic,390,60,45,70,75,85,55,18.576987751106856
1014,Psychic,490,70,55,95,95,110,65,20.838284076310067
1015,Psychic,290,45,30,40,105,50,20,9.009156952024188
1016,Psychic,370,65,40,50,125,60,30,12.125675230565196
1017,Psychic,490,110,65,75,125,85,30,12.125675230565196
1018,Water,305,62,44,50,44,50,55,18.576987751106856
1019,Flying,305,62,44,50,44,50,55,18.576987751106856
1020,Water,473,75,87,63,87,63,98,27.53404524383084
1021,Flying,473,75,87,63,87,63,98,27.53404524383084
1022,Ice,305,36,50,50,65,60,44,15.90833421982356
1023,Ice,395,51,65,65,80,75,59,19.498081265521922
1024,Ice,535,71,95,85,110,95,79,23.801847925909705
1025,Normal,335,60,60,50,40,50,75,22.976115913827762
1026,Grass,335,60,60,50,40,50,75,22.976115913827762
1027,Normal,475,80,100,70,60,70,95,26.963520810718382
1028,Grass,475,80,100,70,60,70,95,26.963520810718382
1029,Electric,428,55,75,60,75,60,103,28.471023381593014
1030,Flying,428,55,75,60,75,60,103,28.471023381593014
1031,Bug,315,50,75,45,40,45,60,19.724770343186712
1032,Bug,495,70,135,105,60,105,20,9.009156952024188
1033,Steel,495,70,135,105,60,105,20,9.009156952024188
1034,Grass,294,69,55,45,55,55,15,7.238280588538271
1035,Poison,294,69,55,45,55,55,15,7.238280588538271
1036,Grass,464,114,85,70,85,80,30,12.125675230565196
1037,Poison,464,114,85,70,85,80,30,12.125675230565196
1038,Water,335,55,40,50,65,85,40,14.879096819054277
1039,Ghost,335,55,40,50,65,85,40,14.879096819054277
1040,Water,480,100,60,70,85,105,60,19.724770343186712
1041,Ghost,480,100,60,70,85,105,60,19.724770343186712
1042,Water,470,165,75,80,40,45,65,20.838284076310067
1043,Bug,319,50,47,50,57,50,65,20.838284076310067
1044,Electric,319,50,47,50,57,50,65,20.838284076310067
1045,Bug,472,70,77,60,97,60,108,29.391617135842626
1046,Electric,472,70,77,60,97,60,108,29.391617135842626
1047,Grass,305,44,50,91,24,86,10,5.233876839067938
1048,Steel,305,44,50,91,24,86,10,5.233876839067938
1049,Grass,489,74,94,131,54,116,20,9.009156952024188
1050,Steel,489,74,94,131,54,116,20,9.009156952024188
1051,Steel,300,40,55,70,45,60,30,12.125675230565196
1052,Steel,440,60,80,95,70,85,50,17.390606769087473
1053,Steel,520,60,100,115,70,85,90,25.997872764800608
1054,Electric,275,35,55,40,45,40,60,19.724770343186712
1055,Electric,405,65,85,70,75,70,40,14.879096819054277
1056,Electric,515,85,115,80,105,80,50,17.390606769087473
1057,Psychic,335,55,55,55,85,55,30,12.125675230565196
1058,Psychic,485,75,75,75,125,95,40,14.879096819054277
1059,Ghost,275,50,30,55,65,55,20,9.009156952024188
1060,Fire,275,50,30,55,65,55,20,9.009156952024188
1061,Ghost,370,60,40,60,95,60,55,18.576987751106856
1062,Fire,370,60,40,60,95,60,55,18.576987751106856
1063,Ghost,520,60,55,90,145,90,80,24.005888212439956
1064,Fire,520,60,55,90,145,90,80,24.005888212439956
1065,Dragon,320,46,87,60,30,40,57,19.040470058926203
1066,Dragon,410,66,117,70,40,50,67,21.27491127333253
1067,Dragon,540,76,147,90,60,70,97,27.344584626116724
1068,Ice,305,55,70,40,60,40,40,14.879096819054277
1069,Ice,505,95,130,80,70,80,50,17.390606769087473
1070,Ice,515,80,50,50,95,135,105,28.841166960082482
1071,Bug,305,50,40,85,40,65,25,10.624446679455303
1072,Bug,495,80,70,40,100,60,145,35.78035579285424
1073,Ground,471,109,66,84,81,99,32,12.700252070061048
1074,Electric,471,109,66,84,81,99,32,12.700252070061048
1075,Ground,471,109,81,99,66,84,32,12.700252070061048
1076,Steel,471,109,81,99,66,84,32,12.700252070061048
1077,Fighting,350,45,85,50,55,50,65,20.838284076310067
1078,Fighting,510,65,125,60,95,60,105,28.841166960082482
1079,Dragon,485,77,120,90,60,90,48,16.9040858288132
1080,Ground,303,59,74,50,35,50,35,13.538242368052764
1081,Ghost,303,59,74,50,35,50,35,13.538242368052764
1082,Ground,483,89,124,80,55,80,55,18.576987751106856
1083,Ghost,483,89,124,80,55,80,55,18.576987751106856
1084,Dark,340,45,85,70,40,40,60,19.724770343186712
1085,Steel,340,45,85,70,40,40,60,19.724770343186712
1086,Dark,490,65,125,100,60,70,70,21.921079996274173
1087,Steel,490,65,125,100,60,70,70,21.921079996274173
1088,Normal,490,95,110,95,40,95,55,18.576987751106856
1089,Normal,350,70,83,50,37,50,60,19.724770343186712
1090,Flying,350,70,83,50,37,50,60,19.724770343186712
1091,Normal,510,100,123,75,57,75,80,24.005888212439956
1092,Flying,510,100,123,75,57,75,80,24.005888212439956
1093,Dark,370,70,55,75,45,65,60,19.724770343186712
1094,Flying,370,70,55,75,45,65,60,19.724770343186712
1095,Dark,510,110,65,105,55,95,80,24.005888212439956
1096,Flying,510,110,65,105,55,95,80,24.005888212439956
1097,Fire,484,85,97,66,105,66,65,20.838284076310067
1098,Bug,484,58,109,112,48,48,109,29.573862042828512
1099,Steel,484,58,109,112,48,48,109,29.573862042828512
1100,Dark,300,52,65,50,45,50,38,14.350507367274782
1101,Dragon,300,52,65,50,45,50,38,14.350507367274782
1102,Dark,420,72,85,70,65,70,58,19.269992174954524
1103,Dragon,420,72,85,70,65,70,58,19.269992174954524
1104,Dark,600,92,105,90,125,90,98,27.53404524383084
1105,Dragon,600,92,105,90,125,90,98,27.53404524383084
1106,Bug,360,55,85,55,50,55,60,19.724770343186712
1107,Fire,360,55,85,55,50,55,60,19.724770343186712
1108,Bug,550,85,60,65,135,105,100,27.910873257536
1109,Fire,550,85,60,65,135,105,100,27.910873257536
1110,Steel,580,91,90,129,90,72,108,29.391617135842626
1111,Fighting,580,91,90,129,90,72,108,29.391617135842626
1112,Rock,580,91,129,90,72,90,108,29.391617135842626
1113,Fighting,580,91,129,90,72,90,108,29.391617135842626
1114,Grass,580,91,90,72,90,129,108,29.391617135842626
1115,Fighting,580,91,90,72,90,129,108,29.391617135842626
1116,Flying,580,79,115,70,125,80,111,29.93654039044484
1117,Flying,580,79,100,80,110,90,121,31.715545158569473
1118,Electric,580,79,115,70,125,80,111,29.93654039044484
1119,Flying,580,79,115,70,125,80,111,29.93654039044484
1120,Electric,580,79,105,70,145,80,101,28.098259695857813
1121,Flying,580,79,105,70,145,80,101,28.098259695857813
1122,Dragon,680,100,120,100,150,120,90,25.997872764800608
1123,Fire,680,100,120,100,150,120,90,25.997872764800608
1124,Dragon,680,100,150,120,120,100,90,25.997872764800608
1125,Electric,680,100,150,120,120,100,90,25.997872764800608
1126,Ground,600,89,125,90,115,80,101,28.098259695857813
1127,Flying,600,89,125,90,115,80,101,28.098259695857813
1128,Ground,600,89,145,90,105,80,91,26.192530668160618
1129,Flying,600,89,145,90,105,80,91,26.192530668160618
1130,Dragon,660,125,130,90,130,90,95,26.963520810718382
1131,Ice,660,125,130,90,130,90,95,26.963520810718382
1132,Dragon,700,125,170,100,120,90,95,26.963520810718382
1133,Ice,700,125,170,100,120,90,95,26.963520810718382
1134,Dragon,700,125,120,90,170,100,95,26.963520810718382
1135,Ice,700,125,120,90,170,100,95,26.963520810718382
1136,Water,580,91,72,90,129,90,108,29.391617135842626
1137,Fighting,580,91,72,90,129,90,108,29.391617135842626
1138,Water,580,91,72,90,129,90,108,29.391617135842626
1139,Fighting,580,91,72,90,129,90,108,29.391617135842626
1140,Normal,600,100,77,77,128,128,90,25.997872764800608
1141,Psychic,600,100,77,77,128,128,90,25.997872764800608
1142,Normal,600,100,128,90,77,77,128,32.92916122729641
1143,Fighting,600,100,128,90,77,77,128,32.92916122729641
1144,Bug,600,71,120,95,120,95,99,27.722804909366914
1145,Steel,600,71,120,95,120,95,99,27.722804909366914
1146,Grass,313,56,61,65,48,45,38,14.350507367274782
1147,Grass,405,61,78,95,56,58,57,19.040470058926203
1148,Grass,530,88,107,122,74,75,64,20.618142860170057
1149,Fighting,530,88,107,122,74,75,64,20.618142860170057
1150,Fire,307,40,45,40,62,60,60,19.724770343186712
1151,Fire,409,59,59,58,90,70,73,22.557263896930724
1152,Fire,534,75,69,72,114,100,104,28.656418373992917
1153,Psychic,534,75,69,72,114,100,104,28.656418373992917
1154,Water,314,41,56,40,62,44,71,22.13422214748345
1155,Water,405,54,63,52,83,56,97,27.344584626116724
1156,Water,530,72,95,67,103,71,122,31.890450614540914
1157,Dark,530,72,95,67,103,71,122,31.890450614540914
1158,Water,640,72,145,67,153,71,132,33.611820492636454
1159,Dark,640,72,145,67,153,71,132,33.611820492636454
1160,Normal,237,38,36,38,32,36,57,19.040470058926203
1161,Normal,423,85,56,77,50,77,78,23.596867282683704
1162,Ground,423,85,56,77,50,77,78,23.596867282683704
1163,Normal,278,45,50,43,40,38,62,20.17407409872978
1164,Flying,278,45,50,43,40,38,62,20.17407409872978
1165,Fire,382,62,73,55,56,52,84,24.812958695592172
1166,Flying,382,62,73,55,56,52,84,24.812958695592172
1167,Fire,499,78,81,71,74,69,126,32.58492955187892
1168,Flying,499,78,81,71,74,69,126,32.58492955187892
1169,Bug,200,38,35,40,27,25,35,13.538242368052764
1170,Bug,213,45,22,60,27,30,29,11.833182460072413
1171,Bug,411,80,52,50,90,50,89,25.802427619821998
1172,Flying,411,80,52,50,90,50,89,25.802427619821998
1173,Fire,369,62,50,58,73,54,72,22.34627659976733
1174,Normal,369,62,50,58,73,54,72,22.34627659976733
1175,Fire,507,86,68,72,109,66,106,29.025277518050547
1176,Normal,507,86,68,72,109,66,106,29.025277518050547
1177,Fairy,303,44,38,39,61,79,42,15.398168089598679
1178,Fairy,371,54,45,47,75,98,52,17.870107703548598
1179,Fairy,552,78,65,68,112,154,75,22.976115913827762
1180,Grass,350,66,65,48,62,57,52,17.870107703548598
1181,Grass,531,123,100,62,97,81,68,21.491446910675826
1182,Fighting,348,67,82,62,46,48,43,15.654328656735567
1183,Fighting,495,95,124,78,69,71,58,19.269992174954524
1184,Dark,495,95,124,78,69,71,58,19.269992174954524
1185,Normal,472,75,80,60,65,90,102,28.284973412116422
1186,Psychic,355,62,48,54,63,60,68,21.491446910675826
1187,Psychic,466,74,48,76,83,81,104,28.656418373992917
1188,Psychic,466,74,48,76,83,81,104,28.656418373992917
1189,Steel,325,45,80,100,35,37,28,11.537002177425652
1190,Ghost,325,45,80,100,35,37,28,11.537002177425652
1191,Steel,448,59,110,150,45,49,35,13.538242368052764
1192,Ghost,448,59,110,150,45,49,35,13.538242368052764
1193,Steel,500,60,50,140,50,140,60,19.724770343186712
1194,Ghost,500,60,50,140,50,140,60,19.724770343186712
1195,Steel,500,60,140,50,140,50,60,19.724770343186712
1196,Ghost,500,60,140,50,140,50,60,19.724770343186712
1197,Fairy,341,78,52,60,63,65,23,9.993856599467454
1198,Fairy,462,101,72,72,99,89,29,11.833182460072413
1199,Fairy,341,62,48,66,59,57,49,17.148248016123674
1200,Fairy,480,82,80,86,85,75,72,22.34627659976733
1201,Dark,288,53,54,53,37,46,45,16.160251283358548
1202,Psychic,288,53,54,53,37,46,45,16.160251283358548
1203,Dark,482,86,92,88,68,75,73,22.557263896930724
1204,Psychic,482,86,92,88,68,75,73,22.557263896930724
1205,Rock,306,42,52,67,39,56,50,17.390606769087473
1206,Water,306,42,52,67,39,56,50,17.390606769087473
1207,Rock,500,72,105,115,54,86,68,21.491446910675826
1208,Water,500,72,105,115,54,86,68,21.491446910675826
1209,Poison,320,50,60,60,60,60,30,12.125675230565196
1210,Water,320,50,60,60,60,60,30,12.125675230565196
1211,Poison,494,65,75,90,97,123,44,15.90833421982356
1212,Dragon,494,65,75,90,97,123,44,15.90833421982356
1213,Water,330,50,53,62,58,63,44,15.90833421982356
1214,Water,500,71,73,88,120,89,59,19.498081265521922
1215,Electric,289,44,38,33,61,43,70,21.921079996274173
1216,Normal,289,44,38,33,61,43,70,21.921079996274173
1217,Electric,481,62,55,52,109,94,109,29.573862042828512
1218,Normal,481,62,55,52,109,94,109,29.573862042828512
1219,Rock,362,58,89,77,45,45,48,16.9040858288132
1220,Dragon,362,58,89,77,45,45,48,16.9040858288132
1221,Rock,521,82,121,119,69,59,71,22.13422214748345
1222,Dragon,521,82,121,119,69,59,71,22.13422214748345
1223,Rock,362,77,59,50,67,63,46,16.410142872495747
1224,Ice,362,77,59,50,67,63,46,16.410142872495747
1225,Rock,521,123,77,72,99,92,58,19.269992174954524
1226,Ice,521,123,77,72,99,92,58,19.269992174954524
1227,Fairy,525,95,65,65,110,130,60,19.724770343186712
1228,Fighting,500,78,92,75,74,63,118,31.187649601340258
1229,Flying,500,78,92,75,74,63,118,31.187649601340258
1230,Electric,431,67,58,57,81,67,101,28.098259695857813
1231,Fairy,431,67,58,57,81,67,101,28.098259695857813
1232,Rock,500,50,50,150,50,150,50,17.390606769087473
1233,Fairy,500,50,50,150,50,150,50,17.390606769087473
1234,Dragon,300,45,50,35,55,75,40,14.879096819054277
1235,Dragon,452,68,75,53,83,113,60,19.724770343186712
1236,Dragon,600,90,100,70,110,150,80,24.005888212439956
1237,Steel,470,57,80,91,80,87,75,22.976115913827762
1238,Fairy,470,57,80,91,80,87,75,22.976115913827762
1239,Ghost,309,43,70,48,50,60,38,14.350507367274782
1240,Grass,309,43,70,48,50,60,38,14.350507367274782
1241,Ghost,474,85,110,76,65,82,56,18.809480531601253
1242,Grass,474,85,110,76,65,82,56,18.809480531601253
1243,Ghost,335,49,66,70,44,55,51,17.631211086309538
1244,Grass,335,49,66,70,44,55,51,17.631211086309538
1245,Ghost,335,44,66,70,44,55,56,18.809480531601253
1246,Grass,335,44,66,70,44,55,56,18.809480531601253
1247,Ghost,335,54,66,70,44,55,46,16.410142872495747
1248,Grass,335,54,66,70,44,55,46,16.410142872495747
1249,Ghost,335,59,66,70,44,55,41,15.139782254659167
1250,Grass,335,59,66,70,44,55,41,15.139782254659167
1251,Ghost,494,65,90,122,58,75,84,24.812958695592172
1252,Grass,494,65,90,122,58,75,84,24.812958695592172
1253,Ghost,494,55,85,122,58,75,99,27.722804909366914
1254,Grass,494,55,85,122,58,75,99,27.722804909366914
1255,Ghost,494,75,95,122,58,75,69,21.706828906896
1256,Grass,494,75,95,122,58,75,69,21.706828906896
1257,Ghost,494,85,100,122,58,75,54,18.342954330184575
1258,Grass,494,85,100,122,58,75,54,18.342954330184575
1259,Ice,304,55,69,85,32,35,28,11.537002177425652
1260,Ice,514,95,117,184,44,46,28,11.537002177425652
1261,Flying,245,40,30,35,45,40,55,18.576987751106856
1262,Dragon,245,40,30,35,45,40,55,18.576987751106856
1263,Flying,535,85,70,80,97,80,123,32.06483608153719
1264,Dragon,535,85,70,80,97,80,123,32.06483608153719
1265,Fairy,680,126,131,95,131,98,99,27.722804909366914
1266,Dark,680,126,131,95,131,98,99,27.722804909366914
1267,Flying,680,126,131,95,131,98,99,27.722804909366914
1268,Dragon,600,108,100,121,81,95,95,26.963520810718382
1269,Ground,600,108,100,121,81,95,95,26.963520810718382
1270,Dragon,486,54,100,71,61,85,115,30.654855794522515
1271,Ground,486,54,100,71,61,85,115,30.654855794522515
1272,Dragon,708,216,100,121,91,95,85,25.0125279986216
1273,Ground,708,216,100,121,91,95,85,25.0125279986216
1274,Rock,600,50,100,150,100,150,50,17.390606769087473
1275,Fairy,600,50,100,150,100,150,50,17.390606769087473
1276,Rock,700,50,160,110,160,110,110,29.755500627023732
1277,Fairy,700,50,160,110,160,110,110,29.755500627023732
1278,Psychic,600,80,110,60,150,130,70,21.921079996274173
1279,Ghost,600,80,110,60,150,130,70,21.921079996274173
1280,Psychic,680,80,160,60,170,130,80,24.005888212439956
1281,Dark,680,80,160,60,170,130,80,24.005888212439956
1282,Fire,600,80,110,120,130,90,70,21.921079996274173
1283,Water,600,80,110,120,130,90,70,21.921079996274173
1284,Grass,320,68,55,55,50,50,42,15.398168089598679
1285,Flying,320,68,55,55,50,50,42,15.398168089598679
1286,Grass,420,78,75,75,70,70,52,17.870107703548598
1287,Flying,420,78,75,75,70,70,52,17.870107703548598
1288,Grass,530,78,107,75,100,100,70,21.921079996274173
1289,Ghost,530,78,107,75,100,100,70,21.921079996274173
1290,Fire,320,45,65,40,60,40,70,21.921079996274173
1291,Fire,420,65,85,50,80,50,90,25.997872764800608
1292,Fire,530,95,115,90,80,90,60,19.724770343186712
1293,Dark,530,95,115,90,80,90,60,19.724770343186712
1294,Water,320,50,54,54,66,56,40,14.879096819054277
1295,Water,420,60,69,69,91,81,50,17.390606769087473
1296,Water,530,80,74,74,126,116,60,19.724770343186712
1297,Fairy,530,80,74,74,126,116,60,19.724770343186712
1298,Normal,265,35,75,30,30,30,65,20.838284076310067
1299,Flying,265,35,75,30,30,30,65,20.838284076310067
1300,Normal,355,55,85,50,40,50,75,22.976115913827762
1301,Flying,355,55,85,50,40,50,75,22.976115913827762
1302,Normal,485,80,120,75,75,75,60,19.724770343186712
1303,Flying,485,80,120,75,75,75,60,19.724770343186712
1304,Normal,253,48,70,30,30,30,45,16.160251283358548
1305,Normal,418,88,110,60,55,60,45,16.160251283358548
1306,Bug,300,47,62,45,55,45,46,16.410142872495747
1307,Bug,400,57,82,95,55,75,36,13.811709612628894
1308,Electric,400,57,82,95,55,75,36,13.811709612628894
1309,Bug,500,77,70,90,145,75,43,15.654328656735567
1310,Electric,500,77,70,90,145,75,43,15.654328656735567
1311,Fighting,338,47,82,57,42,47,63,20.396748599259034
1312,Fighting,478,97,132,77,62,67,43,15.654328656735567
1313,Ice,478,97,132,77,62,67,43,15.654328656735567
1314,Fire,476,75,70,70,98,70,93,26.5795315296556
1315,Flying,476,75,70,70,98,70,93,26.5795315296556
1316,Electric,476,75,70,70,98,70,93,26.5795315296556
1317,Flying,476,75,70,70,98,70,93,26.5795315296556
1318,Psychic,476,75,70,70,98,70,93,26.5795315296556
1319,Flying,476,75,70,70,98,70,93,26.5795315296556
1320,Ghost,476,75,70,70,98,70,93,26.5795315296556
1321,Flying,476,75,70,70,98,70,93,26.5795315296556
1322,Bug,304,40,45,40,55,40,84,24.812958695592172
1323,Fairy,304,40,45,40,55,40,84,24.812958695592172
1324,Bug,464,60,55,60,95,70,124,32.238707314344296
1325,Fairy,464,60,55,60,95,70,124,32.238707314344296
1326,Rock,280,45,65,40,30,40,60,19.724770343186712
1327,Rock,280,45,65,40,30,40,60,19.724770343186712
1328,Rock,487,75,115,65,55,65,112,30.116988675642208
1329,Rock,487,85,115,75,55,75,82,24.41121120449021
1330,Rock,487,75,117,65,55,65,110,29.755500627023732
1331,Water,175,45,20,20,25,25,40,14.879096819054277
1332,Water,620,45,140,130,140,135,30,12.125675230565196
1333,Poison,305,50,53,62,43,52,45,16.160251283358548
1334,Water,305,50,53,62,43,52,45,16.160251283358548
1335,Poison,495,50,63,152,53,142,35,13.538242368052764
1336,Water,495,50,63,152,53,142,35,13.538242368052764
1337,Ground,385,70,100,70,45,55,45,16.160251283358548
1338,Ground,500,100,125,100,55,85,35,13.538242368052764
1339,Water,269,38,40,52,40,72,27,11.236953602776028
1340,Bug,269,38,40,52,40,72,27,11.236953602776028
1341,Water,454,68,70,92,50,132,42,15.398168089598679
1342,Bug,454,68,70,92,50,132,42,15.398168089598679
1343,Grass,250,40,55,35,50,35,35,13.538242368052764
1344,Grass,480,70,105,90,80,90,45,16.160251283358548
1345,Grass,285,40,35,55,65,75,15,7.238280588538271
1346,Fairy,285,40,35,55,65,75,15,7.238280588538271
1347,Grass,405,60,45,80,90,100,30,12.125675230565196
1348,Fairy,405,60,45,80,90,100,30,12.125675230565196
1349,Poison,320,48,44,40,71,40,77,23.390929808535855
1350,Fire,320,48,44,40,71,40,77,23.390929808535855
1351,Poison,480,68,64,60,111,60,117,31.01060434213714
1352,Fire,480,68,64,60,111,60,117,31.01060434213714
1353,Normal,340,70,75,50,45,50,50,17.390606769087473
1354,Fighting,340,70,75,50,45,50,50,17.390606769087473
1355,Normal,500,120,125,80,55,60,60,19.724770343186712
1356,Fighting,500,120,125,80,55,60,60,19.724770343186712
1357,Grass,210,42,30,38,30,38,32,12.700252070061048
1358,Grass,290,52,40,48,40,48,62,20.17407409872978
1359,Grass,510,72,120,98,50,98,72,22.34627659976733
1360,Fairy,485,51,52,90,82,110,100,27.910873257536
1361,Normal,490,90,60,80,90,110,60,19.724770343186712
1362,Psychic,490,90,60,80,90,110,60,19.724770343186712
1363,Fighting,490,100,120,90,40,60,80,24.005888212439956
1364,Bug,230,25,35,40,20,30,80,24.005888212439956
1365,Water,230,25,35,40,20,30,80,24.005888212439956
1366,Bug,530,75,125,140,60,90,40,14.879096819054277
1367,Water,530,75,125,140,60,90,40,14.879096819054277
1368,Ghost,320,55,55,80,70,45,15,7.238280588538271
1369,Ground,320,55,55,80,70,45,15,7.238280588538271
1370,Ghost,480,85,75,110,100,75,35,13.538242368052764
1371,Ground,480,85,75,110,100,75,35,13.538242368052764
1372,Water,410,55,60,130,30,130,5,2.8057872411937157
1373,Normal,534,95,95,95,95,95,59,19.498081265521922
1374,Normal,570,95,95,95,95,95,95,26.963520810718382
1375,Rock,440,60,60,100,60,100,60,19.724770343186712
1376,Flying,440,60,60,100,60,100,60,19.724770343186712
1377,Rock,500,60,100,60,100,60,120,31.540113846268262
1378,Flying,500,60,100,60,100,60,120,31.540113846268262
1379,Normal,480,65,115,65,75,95,65,20.838284076310067
1380,Fire,485,60,78,135,91,85,36,13.811709612628894
1381,Dragon,485,60,78,135,91,85,36,13.811709612628894
1382,Electric,435,65,98,63,40,73,96,27.15441318622631
1383,Steel,435,65,98,63,40,73,96,27.15441318622631
1384,Ghost,476,55,90,80,50,105,96,27.15441318622631
1385,Fairy,476,55,90,80,50,105,96,27.15441318622631
1386,Water,475,68,105,70,70,70,92,26.386413100252252
1387,Psychic,475,68,105,70,70,70,92,26.386413100252252
1388,Normal,485,78,60,85,135,91,36,13.811709612628894
1389,Dragon,485,78,60,85,135,91,36,13.811709612628894
1390,Ghost,517,70,131,100,86,90,40,14.879096819054277
1391,Grass,517,70,131,100,86,90,40,14.879096819054277
1392,Dragon,300,45,55,65,45,45,45,16.160251283358548
1393,Dragon,420,55,75,90,65,70,65,20.838284076310067
1394,Fighting,420,55,75,90,65,70,65,20.838284076310067
1395,Dragon,600,75,110,125,100,105,85,25.0125279986216
1396,Fighting,600,75,110,125,100,105,85,25.0125279986216
1397,Electric,570,70,115,85,95,75,130,33.27144462411299
1398,Fairy,570,70,115,85,95,75,130,33.27144462411299
1399,Psychic,570,70,85,75,130,115,95,26.963520810718382
1400,Fairy,570,70,85,75,130,115,95,26.963520810718382
1401,Grass,570,70,130,115,85,95,75,22.976115913827762
1402,Fairy,570,70,130,115,85,95,75,22.976115913827762
1403,Water,570,70,75,115,95,130,85,25.0125279986216
1404,Fairy,570,70,75,115,95,130,85,25.0125279986216
1405,Psychic,200,43,29,31,29,31,37,14.082431046654674
1406,Psychic,400,43,29,131,29,131,37,14.082431046654674
1407,Psychic,680,137,137,107,113,89,97,27.344584626116724
1408,Steel,680,137,137,107,113,89,97,27.344584626116724
1409,Psychic,680,137,113,89,137,107,97,27.344584626116724
1410,Ghost,680,137,113,89,137,107,97,27.344584626116724
1411,Rock,570,109,53,47,127,131,103,28.471023381593014
1412,Poison,570,109,53,47,127,131,103,28.471023381593014
1413,Bug,570,107,139,139,53,53,79,23.801847925909705
1414,Fighting,570,107,139,139,53,53,79,23.801847925909705
1415,Bug,570,71,137,37,137,37,151,36.75724323192757
1416,Fighting,570,71,137,37,137,37,151,36.75724323192757
1417,Electric,570,83,89,71,173,71,83,24.612524509924082
1418,Steel,570,97,101,103,107,101,61,19.950091123988223
1419,Flying,570,97,101,103,107,101,61,19.950091123988223
1420,Grass,570,59,181,131,59,31,109,29.573862042828512
1421,Steel,570,59,181,131,59,31,109,29.573862042828512
1422,Dark,570,223,101,53,97,53,43,15.654328656735567
1423,Dragon,570,223,101,53,97,53,43,15.654328656735567
1424,Psychic,600,97,107,101,127,89,79,23.801847925909705
1425,Psychic,680,97,157,127,113,109,77,23.390929808535855
1426,Steel,680,97,157,127,113,109,77,23.390929808535855
1427,Psychic,680,97,113,109,157,127,77,23.390929808535855
1428,Ghost,680,97,113,109,157,127,77,23.390929808535855
1429,Psychic,754,97,167,97,167,97,129,33.10054387863994
1430,Dragon,754,97,167,97,167,97,129,33.10054387863994
1431,Steel,600,80,95,115,130,115,65,20.838284076310067
1432,Fairy,600,80,95,115,130,115,65,20.838284076310067
1433,Fighting,600,90,125,80,90,90,125,32.4120699582285
1434,Ghost,600,90,125,80,90,90,125,32.4120699582285
1435,Poison,420,67,73,67,73,67,73,22.557263896930724
1436,Poison,540,73,73,73,127,73,121,31.715545158569473
1437,Dragon,540,73,73,73,127,73,121,31.715545158569473
1438,Rock,570,61,131,211,53,101,13,6.471102872090944
1439,Steel,570,61,131,211,53,101,13,6.471102872090944
1440,Fire,570,53,127,53,151,79,107,29.20875823960863
1441,Ghost,570,53,127,53,151,79,107,29.20875823960863
1442,Electric,600,88,112,75,102,80,143,35.45147953681174
1443,Steel,300,46,65,65,55,35,34,13.261921778631107
1444,Steel,600,135,143,143,80,65,34,13.261921778631107
1445,Grass,310,50,65,50,40,40,65,20.838284076310067
1446,Grass,420,70,85,70,55,60,80,24.005888212439956
1447,Grass,530,100,125,90,60,70,85,25.0125279986216
1448,Fire,310,50,71,40,40,40,69,21.706828906896
1449,Fire,420,65,86,60,55,60,94,26.771897134073264
1450,Fire,530,80,116,75,65,75,119,31.364150694554326
1451,Water,310,50,40,40,70,40,70,21.921079996274173
1452,Water,420,65,60,55,95,55,90,25.997872764800608
1453,Water,530,70,85,65,125,65,120,31.540113846268262
1454,Normal,275,70,55,55,35,35,25,10.624446679455303
1455,Normal,460,120,95,95,55,75,20,9.009156952024188
1456,Flying,245,38,47,35,33,35,57,19.040470058926203
1457,Flying,365,68,67,55,43,55,77,23.390929808535855
1458,Flying,495,98,87,105,53,85,67,21.27491127333253
1459,Steel,495,98,87,105,53,85,67,21.27491127333253
1460,Bug,180,25,20,20,25,45,45,16.160251283358548
1461,Bug,335,50,35,80,50,90,30,12.125675230565196
1462,Psychic,335,50,35,80,50,90,30,12.125675230565196
1463,Bug,505,60,45,110,80,120,90,25.997872764800608
1464,Psychic,505,60,45,110,80,120,90,25.997872764800608
1465,Dark,245,40,28,28,47,52,50,17.390606769087473
1466,Dark,455,70,58,58,87,92,90,25.997872764800608
1467,Grass,250,40,40,60,40,60,10,5.233876839067938
1468,Grass,460,60,50,90,80,120,60,19.724770343186712
1469,Normal,270,42,40,55,40,45,48,16.9040858288132
1470,Normal,490,72,80,100,60,90,88,25.606183149676603
1471,Water,284,50,64,50,38,38,44,15.90833421982356
1472,Water,485,90,115,90,48,68,74,22.767203919304198
1473,Rock,485,90,115,90,48,68,74,22.767203919304198
1474,Electric,270,59,45,50,40,50,26,10.932840016188226
1475,Electric,490,69,90,60,90,60,121,31.715545158569473
1476,Rock,240,30,40,50,40,50,30,12.125675230565196
1477,Rock,410,80,60,90,60,70,50,17.390606769087473
1478,Fire,410,80,60,90,60,70,50,17.390606769087473
1479,Rock,510,110,80,120,80,90,30,12.125675230565196
1480,Fire,510,110,80,120,80,90,30,12.125675230565196
1481,Grass,260,40,40,80,40,40,20,9.009156952024188
1482,Dragon,260,40,40,80,40,40,20,9.009156952024188
1483,Grass,485,70,110,80,95,60,70,21.921079996274173
1484,Dragon,485,70,110,80,95,60,70,21.921079996274173
1485,Grass,485,110,85,80,100,80,30,12.125675230565196
1486,Dragon,485,110,85,80,100,80,30,12.125675230565196
1487,Ground,315,52,57,75,35,50,46,16.410142872495747
1488,Ground,510,72,107,125,65,70,71,22.13422214748345
1489,Flying,475,70,85,55,85,95,85,25.0125279986216
1490,Water,475,70,85,55,85,95,85,25.0125279986216
1491,Water,280,41,63,40,40,30,66,21.05719845643591
1492,Water,490,61,123,60,60,50,136,34.28700544248727
1493,Electric,242,40,38,35,54,35,40,14.879096819054277
1494,Poison,242,40,38,35,54,35,40,14.879096819054277
1495,Electric,502,75,98,70,114,70,75,22.976115913827762
1496,Poison,502,75,98,70,114,70,75,22.976115913827762
1497,Electric,502,75,98,70,114,70,75,22.976115913827762
1498,Poison,502,75,98,70,114,70,75,22.976115913827762
1499,Fire,305,50,65,45,50,50,45,16.160251283358548
1500,Bug,305,50,65,45,50,50,45,16.160251283358548
1501,Fire,525,100,115,65,90,90,65,20.838284076310067
1502,Bug,525,100,115,65,90,90,65,20.838284076310067
1503,Fighting,310,50,68,60,50,50,32,12.700252070061048
1504,Fighting,480,80,118,90,70,80,42,15.398168089598679
1505,Ghost,308,40,45,45,74,54,50,17.390606769087473
1506,Ghost,508,60,65,65,134,114,70,21.921079996274173
1507,Psychic,265,42,30,45,56,53,39,14.616033036993262
1508,Psychic,370,57,40,65,86,73,49,17.148248016123674
1509,Psychic,510,57,90,95,136,103,29,11.833182460072413
1510,Fairy,510,57,90,95,136,103,29,11.833182460072413
1511,Dark,265,45,45,30,55,40,50,17.390606769087473
1512,Fairy,265,45,45,30,55,40,50,17.390606769087473
1513,Dark,370,65,60,45,75,55,70,21.921079996274173
1514,Fairy,370,65,60,45,75,55,70,21.921079996274173
1515,Dark,510,95,120,65,95,75,60,19.724770343186712
1516,Fairy,510,95,120,65,95,75,60,19.724770343186712
1517,Dark,520,93,90,101,60,81,95,26.963520810718382
1518,Normal,520,93,90,101,60,81,95,26.963520810718382
1519,Steel,440,70,110,100,50,60,50,17.390606769087473
1520,Ghost,510,60,95,50,145,130,30,12.125675230565196
1521,Fighting,507,62,135,95,68,82,65,20.838284076310067
1522,Psychic,520,80,85,75,110,100,70,21.921079996274173
1523,Ice,520,80,85,75,110,100,70,21.921079996274173
1524,Ground,483,58,95,145,50,105,30,12.125675230565196
1525,Ghost,483,58,95,145,50,105,30,12.125675230565196
1526,Fairy,270,45,40,40,50,61,34,13.261921778631107
1527,Fairy,495,65,60,75,110,121,64,20.618142860170057
1528,Fighting,470,65,100,100,70,60,75,22.976115913827762
1529,Electric,435,48,101,95,91,85,15,7.238280588538271
1530,Ice,185,30,25,35,45,30,20,9.009156952024188
1531,Bug,185,30,25,35,45,30,20,9.009156952024188
1532,Ice,475,70,65,60,125,90,65,20.838284076310067
1533,Bug,475,70,65,60,125,90,65,20.838284076310067
1534,Rock,470,100,125,135,20,20,70,21.921079996274173
1535,Ice,470,75,80,110,65,90,50,17.390606769087473
1536,Ice,470,75,80,70,65,50,130,33.27144462411299
1537,Psychic,475,60,65,55,105,95,95,26.963520810718382
1538,Normal,475,60,65,55,105,95,95,26.963520810718382
1539,Psychic,475,70,55,65,95,105,85,25.0125279986216
1540,Normal,475,70,55,65,95,105,85,25.0125279986216
1541,Electric,436,58,95,58,70,58,97,27.344584626116724
1542,Dark,436,58,95,58,70,58,97,27.344584626116724
1543,Electric,436,58,95,58,70,58,97,27.344584626116724
1544,Dark,436,58,95,58,70,58,97,27.344584626116724
1545,Steel,330,72,80,49,40,49,40,14.879096819054277
1546,Steel,500,122,130,69,80,69,30,12.125675230565196
1547,Electric,505,90,100,90,80,70,75,22.976115913827762
1548,Dragon,505,90,100,90,80,70,75,22.976115913827762
1549,Electric,505,90,100,90,90,80,55,18.576987751106856
1550,Ice,505,90,100,90,90,80,55,18.576987751106856
1551,Water,505,90,90,100,70,80,75,22.976115913827762
1552,Dragon,505,90,90,100,70,80,75,22.976115913827762
1553,Water,505,90,90,100,80,90,55,18.576987751106856
1554,Ice,505,90,90,100,80,90,55,18.576987751106856
1555,Steel,535,70,95,115,120,50,85,25.0125279986216
1556,Dragon,535,70,95,115,120,50,85,25.0125279986216
1557,Dragon,270,28,60,30,40,30,82,24.41121120449021
1558,Ghost,270,28,60,30,40,30,82,24.41121120449021
1559,Dragon,410,68,80,50,60,50,102,28.284973412116422
1560,Ghost,410,68,80,50,60,50,102,28.284973412116422
1561,Dragon,600,88,120,75,100,75,142,35.28641525452431
1562,Ghost,600,88,120,75,100,75,142,35.28641525452431
1563,Fairy,720,92,170,115,80,115,148,36.270597838688715
1564,Steel,720,92,170,115,80,115,148,36.270597838688715
1565,Fairy,670,92,130,115,80,115,138,34.62188903481052
1566,Fighting,720,92,130,145,80,145,128,32.92916122729641
1567,Steel,720,92,130,145,80,145,128,32.92916122729641
1568,Fighting,670,92,130,115,80,115,138,34.62188903481052
1569,Poison,690,140,85,95,145,95,130,33.27144462411299
1570,Dragon,690,140,85,95,145,95,130,33.27144462411299
1571,Poison,1125,255,115,250,125,250,130,33.27144462411299
1572,Dragon,1125,255,115,250,125,250,130,33.27144462411299
1573,Fighting,385,60,90,60,53,50,72,22.34627659976733
1574,Fighting,550,100,130,100,63,60,97,27.344584626116724
1575,Dark,550,100,130,100,63,60,97,27.344584626116724
1576,Fighting,550,100,130,100,63,60,97,27.344584626116724
1577,Water,550,100,130,100,63,60,97,27.344584626116724
1578,Dark,600,105,120,105,70,95,105,28.841166960082482
1579,Grass,600,105,120,105,70,95,105,28.841166960082482
