,Type,Total,HP,Attack,Defense,Sp.Atk,Sp.Def,Speed
0,Grass,318,45,49,49,65,65,45
1,Poison,318,45,49,49,65,65,45
2,Grass,405,60,62,63,80,80,60
3,Poison,405,60,62,63,80,80,60
4,Grass,525,80,82,83,100,100,80
5,Poison,525,80,82,83,100,100,80
6,Grass,625,80,100,123,122,120,80
7,Poison,625,80,100,123,122,120,80
8,Fire,309,39,52,43,60,50,65
9,Fire,405,58,64,58,80,65,80
10,Fire,534,78,84,78,109,85,100
11,Flying,534,78,84,78,109,85,100
12,Fire,634,78,130,111,130,85,100
13,Dragon,634,78,130,111,130,85,100
14,Fire,634,78,104,78,159,115,100
15,Flying,634,78,104,78,159,115,100
16,Water,314,44,48,65,50,64,43
17,Water,405,59,63,80,65,80,58
18,Water,530,79,83,100,85,105,78
19,Water,630,79,103,120,135,115,78
20,Bug,195,45,30,35,20,20,45
21,Bug,205,50,20,55,25,25,30
22,Bug,395,60,45,50,90,80,70
23,Flying,395,60,45,50,90,80,70
24,Bug,195,40,35,30,20,20,50
25,Poison,195,40,35,30,20,20,50
26,Bug,205,45,25,50,25,25,35
27,Poison,205,45,25,50,25,25,35
28,Bug,395,65,90,40,45,80,75
29,Poison,395,65,90,40,45,80,75
30,Bug,495,65,150,40,15,80,145
31,Poison,495,65,150,40,15,80,145
32,Normal,251,40,45,40,35,35,56
33,Flying,251,40,45,40,35,35,56
34,Normal,349,63,60,55,50,50,71
35,Flying,349,63,60,55,50,50,71
36,Normal,479,83,80,75,70,70,101
37,Flying,479,83,80,75,70,70,101
38,Normal,579,83,80,80,135,80,121
39,Flying,579,83,80,80,135,80,121
40,Normal,253,30,56,35,25,35,72
41,Dark,253,30,56,35,25,35,72
42,Normal,253,30,56,35,25,35,72
43,Normal,413,55,81,60,50,70,97
44,Dark,413,75,71,70,40,80,77
45,Normal,413,75,71,70,40,80,77
46,Normal,262,40,60,30,31,31,70
47,Flying,262,40,60,30,31,31,70
48,Normal,442,65,90,65,61,61,100
49,Flying,442,65,90,65,61,61,100
50,Poison,288,35,60,44,40,54,55
51,Poison,448,60,95,69,65,79,80
52,Electric,320,35,55,40,50,50,90
53,Electric,430,45,80,50,75,60,120
54,Electric,485,60,90,55,90,80,110
55,Electric,485,60,85,50,95,85,110
56,Psychic,485,60,85,50,95,85,110
57,Ground,300,50,75,85,20,30,40
58,Ice,300,50,75,90,10,35,40
59,Steel,300,50,75,90,10,35,40
60,Ground,450,75,100,110,45,55,65
61,Ice,450,75,100,120,25,65,65
62,Steel,450,75,100,120,25,65,65
63,Poison,275,55,47,52,40,40,41
64,Poison,365,70,62,67,55,55,56
65,Poison,505,90,92,87,75,85,76
66,Ground,505,90,92,87,75,85,76
67,Poison,273,46,57,40,40,40,50
68,Poison,365,61,72,57,55,55,65
69,Poison,505,81,102,77,85,75,85
70,Ground,505,81,102,77,85,75,85
71,Fairy,323,70,45,48,60,65,35
72,Fairy,483,95,70,73,95,90,60
73,Fire,299,38,41,40,50,65,65
74,Ice,299,38,41,40,50,65,65
75,Fire,505,73,76,75,81,100,100
76,Ice,505,73,67,75,81,100,109
77,Fairy,505,73,67,75,81,100,109
78,Normal,270,115,45,20,45,25,20
79,Fairy,270,115,45,20,45,25,20
80,Normal,435,140,70,45,85,50,45
81,Fairy,435,140,70,45,85,50,45
82,Poison,245,40,45,35,30,40,55
83,Flying,245,40,45,35,30,40,55
84,Poison,455,75,80,70,65,75,90
85,Flying,455,75,80,70,65,75,90
86,Grass,320,45,50,55,75,65,30
87,Poison,320,45,50,55,75,65,30
88,Grass,395,60,65,70,85,75,40
89,Poison,395,60,65,70,85,75,40
90,Grass,490,75,80,85,110,90,50
91,Poison,490,75,80,85,110,90,50
92,Bug,285,35,70,55,45,55,25
93,Grass,285,35,70,55,45,55,25
94,Bug,405,60,95,80,60,80,30
95,Grass,405,60,95,80,60,80,30
96,Bug,305,60,55,50,40,55,45
97,Poison,305,60,55,50,40,55,45
98,Bug,450,70,65,60,90,75,90
99,Poison,450,70,65,60,90,75,90
100,Ground,265,10,55,25,35,45,95
101,Ground,265,10,55,30,35,45,90
102,Steel,265,10,55,30,35,45,90
103,Ground,425,35,100,50,50,70,120
104,Ground,425,35,100,60,50,70,110
105,Steel,425,35,100,60,50,70,110
106,Normal,290,40,45,35,40,40,90
107,Dark,290,40,35,35,50,40,90
108,Steel,290,50,65,55,40,40,40
109,Normal,440,65,70,60,65,65,115
110,Dark,440,65,60,60,75,65,115
111,Water,320,50,52,48,65,50,55
112,Water,500,80,82,78,95,80,85
113,Fighting,305,40,80,35,35,45,70
114,Fighting,455,65,105,60,60,70,95
115,Fire,350,55,70,45,70,50,60
116,Fire,555,90,110,80,100,80,95
117,Water,300,40,50,40,40,40,90
118,Water,385,65,65,65,50,50,90
119,Water,510,90,95,95,70,90,70
120,Fighting,510,90,95,95,70,90,70
121,Psychic,310,25,20,15,105,55,90
122,Psychic,400,40,35,30,120,70,105
123,Psychic,500,55,50,45,135,95,120
124,Psychic,600,55,50,65,175,105,150
125,Fighting,305,70,80,50,35,35,35
126,Fighting,405,80,100,70,50,60,45
127,Fighting,505,90,130,80,65,85,55
128,Grass,300,50,75,35,70,30,40
129,Poison,300,50,75,35,70,30,40
130,Grass,390,65,90,50,85,45,55
131,Poison,390,65,90,50,85,45,55
132,Grass,490,80,105,65,100,70,70
133,Poison,490,80,105,65,100,70,70
134,Water,335,40,40,35,50,100,70
135,Poison,335,40,40,35,50,100,70
136,Water,515,80,70,65,80,120,100
137,Poison,515,80,70,65,80,120,100
138,Rock,300,40,80,100,30,30,20
139,Ground,300,40,80,100,30,30,20
140,Rock,300,40,80,100,30,30,20
141,Electric,300,40,80,100,30,30,20
142,Rock,390,55,95,115,45,45,35
143,Ground,390,55,95,115,45,45,35
144,Rock,390,55,95,115,45,45,35
145,Electric,390,55,95,115,45,45,35
146,Rock,495,80,120,130,55,65,45
147,Ground,495,80,120,130,55,65,45
148,Rock,495,80,120,130,55,65,45
149,Electric,495,80,120,130,55,65,45
150,Fire,410,50,85,55,65,65,90
151,Psychic,410,50,85,55,65,65,90
152,Fire,500,65,100,70,80,80,105
153,Psychic,500,65,100,70,80,80,105
154,Fairy,500,65,100,70,80,80,105
155,Water,315,90,65,65,40,40,15
156,Psychic,315,90,65,65,40,40,15
157,Psychic,315,90,65,65,40,40,15
158,Water,490,95,75,110,100,80,30
159,Psychic,490,95,75,110,100,80,30
160,Water,590,95,75,180,130,80,30
161,Psychic,590,95,75,180,130,80,30
162,Poison,490,95,100,95,100,70,30
163,Psychic,490,95,100,95,100,70,30
164,Electric,325,25,35,70,95,55,45
165,Steel,325,25,35,70,95,55,45
166,Electric,465,50,60,95,120,70,70
167,Steel,465,50,60,95,120,70,70
168,Normal,377,52,90,55,58,62,60
169,Flying,377,52,90,55,58,62,60
170,Fighting,377,52,95,55,58,62,55
171,Normal,310,35,85,45,35,35,75
172,Flying,310,35,85,45,35,35,75
173,Normal,470,60,110,70,60,60,110
174,Flying,470,60,110,70,60,60,110
175,Water,325,65,45,55,45,70,45
176,Water,475,90,70,80,70,95,70
177,Ice,475,90,70,80,70,95,70
178,Poison,325,80,80,50,40,50,25
179,Poison,325,80,80,50,40,50,25
180,Dark,325,80,80,50,40,50,25
181,Poison,500,105,105,75,65,100,50
182,Poison,500,105,105,75,65,100,50
183,Dark,500,105,105,75,65,100,50
184,Water,305,30,65,100,45,25,40
185,Water,525,50,95,180,85,45,70
186,Ice,525,50,95,180,85,45,70
187,Ghost,310,30,35,30,100,35,80
188,Poison,310,30,35,30,100,35,80
189,Ghost,405,45,50,45,115,55,95
190,Poison,405,45,50,45,115,55,95
191,Ghost,500,60,65,60,130,75,110
192,Poison,500,60,65,60,130,75,110
193,Ghost,600,60,65,80,170,95,130
194,Poison,600,60,65,80,170,95,130
195,Rock,385,35,45,160,30,45,70
196,Ground,385,35,45,160,30,45,70
197,Psychic,328,60,48,45,43,90,42
198,Psychic,483,85,73,70,73,115,67
199,Water,325,30,105,90,25,25,50
200,Water,475,55,130,115,50,50,75
201,Electric,330,40,30,50,55,55,100
202,Electric,490,60,50,70,80,80,150
203,Grass,325,60,40,80,60,45,40
204,Psychic,325,60,40,80,60,45,40
205,Grass,530,95,95,85,125,75,55
206,Psychic,530,95,95,85,125,75,55
207,Grass,530,95,105,85,125,75,45
208,Dragon,530,95,105,85,125,75,45
209,Ground,320,50,50,95,40,50,35
210,Ground,425,60,80,110,50,80,45
211,Fire,425,60,80,110,50,80,45
212,Ghost,425,60,80,110,50,80,45
213,Fighting,455,50,120,53,35,110,87
214,Fighting,455,50,105,79,35,110,76
215,Normal,385,90,55,75,60,75,30
216,Poison,340,40,65,95,60,45,35
217,Poison,490,65,90,120,85,70,60
218,Poison,490,65,90,120,85,70,60
219,Fairy,490,65,90,120,85,70,60
220,Ground,345,80,85,95,30,30,25
221,Rock,345,80,85,95,30,30,25
222,Ground,485,105,130,120,45,45,40
223,Rock,485,105,130,120,45,45,40
224,Normal,450,250,5,5,35,105,50
225,Grass,435,65,55,115,100,40,60
226,Normal,490,105,95,80,40,80,90
227,Normal,590,105,125,100,60,100,100
228,Water,295,30,40,70,70,25,60
229,Water,440,55,65,95,95,45,85
230,Water,320,45,67,60,35,50,63
231,Water,450,80,92,65,65,80,68
232,Water,340,30,45,55,70,55,85
233,Water,520,60,75,85,100,85,115
234,Psychic,520,60,75,85,100,85,115
235,Psychic,460,40,45,65,100,120,90
236,Fairy,460,40,45,65,100,120,90
237,Psychic,460,50,65,65,90,90,100
238,Ice,460,50,65,65,90,90,100
239,Bug,500,70,110,80,55,80,105
240,Flying,500,70,110,80,55,80,105
241,Ice,455,65,50,35,115,95,95
242,Psychic,455,65,50,35,115,95,95
243,Electric,490,65,83,57,95,85,105
244,Fire,495,65,95,57,100,85,93
245,Bug,500,65,125,100,55,70,85
246,Bug,600,65,155,120,65,90,105
247,Flying,600,65,155,120,65,90,105
248,Normal,490,75,100,95,40,70,110
249,Water,200,20,10,55,15,20,80
250,Water,540,95,125,79,60,100,81
251,Flying,540,95,125,79,60,100,81
252,Water,640,95,155,109,70,130,81
253,Dark,640,95,155,109,70,130,81
254,Water,535,130,85,80,85,95,60
255,Ice,535,130,85,80,85,95,60
256,Normal,288,48,48,48,48,48,48
257,Normal,325,55,55,50,45,65,55
258,Normal,435,65,75,70,65,85,75
259,Water,525,130,65,60,110,95,65
260,Electric,525,65,65,60,110,95,130
261,Fire,525,65,130,60,95,110,65
262,Normal,395,65,60,70,85,75,40
263,Rock,355,35,40,100,90,55,35
264,Water,355,35,40,100,90,55,35
265,Rock,495,70,60,125,115,70,55
266,Water,495,70,60,125,115,70,55
267,Rock,355,30,80,90,55,45,55
268,Water,355,30,80,90,55,45,55
269,Rock,495,60,115,105,65,70,80
270,Water,495,60,115,105,65,70,80
271,Rock,515,80,105,65,60,75,130
272,Flying,515,80,105,65,60,75,130
273,Rock,615,80,135,85,70,95,150
274,Flying,615,80,135,85,70,95,150
275,Normal,540,160,110,65,65,110,30
276,Ice,580,90,85,100,95,125,85
277,Flying,580,90,85,100,95,125,85
278,Electric,580,90,90,85,125,90,100
279,Flying,580,90,90,85,125,90,100
280,Fire,580,90,100,90,125,85,90
281,Flying,580,90,100,90,125,85,90
282,Dragon,300,41,64,45,50,50,50
283,Dragon,420,61,84,65,70,70,70
284,Dragon,600,91,134,95,100,100,80
285,Flying,600,91,134,95,100,100,80
286,Psychic,680,106,110,90,154,90,130
287,Psychic,780,106,190,100,154,100,130
288,Fighting,780,106,190,100,154,100,130
289,Psychic,780,106,150,70,194,120,140
290,Psychic,600,100,100,100,100,100,100
291,Grass,318,45,49,65,49,65,45
292,Grass,405,60,62,80,63,80,60
293,Grass,525,80,82,100,83,100,80
294,Fire,309,39,52,43,60,50,65
295,Fire,405,58,64,58,80,65,80
296,Fire,534,78,84,78,109,85,100
297,Water,314,50,65,64,44,48,43
298,Water,405,65,80,80,59,63,58
299,Water,530,85,105,100,79,83,78
300,Normal,215,35,46,34,35,45,20
301,Normal,415,85,76,64,45,55,90
302,Normal,262,60,30,30,36,56,50
303,Flying,262,60,30,30,36,56,50
304,Normal,452,100,50,50,86,96,70
305,Flying,452,100,50,50,86,96,70
306,Bug,265,40,20,30,40,80,55
307,Flying,265,40,20,30,40,80,55
308,Bug,390,55,35,50,55,110,85
309,Flying,390,55,35,50,55,110,85
310,Bug,250,40,60,40,40,40,30
311,Poison,250,40,60,40,40,40,30
312,Bug,400,70,90,70,60,70,40
313,Poison,400,70,90,70,60,70,40
314,Poison,535,85,90,80,70,80,130
315,Flying,535,85,90,80,70,80,130
316,Water,330,75,38,38,56,56,67
317,Electric,330,75,38,38,56,56,67
318,Water,460,125,58,58,76,76,67
319,Electric,460,125,58,58,76,76,67
320,Electric,205,20,40,15,35,35,60
321,Fairy,218,50,25,28,45,55,15
322,Normal,210,90,30,15,40,20,15
323,Fairy,210,90,30,15,40,20,15
324,Fairy,245,35,20,65,40,65,20
325,Fairy,405,55,40,85,80,105,40
326,Flying,405,55,40,85,80,105,40
327,Psychic,320,40,50,45,70,45,70
328,Flying,320,40,50,45,70,45,70
329,Psychic,470,65,75,70,95,70,95
330,Flying,470,65,75,70,95,70,95
331,Electric,280,55,40,40,65,45,35
332,Electric,365,70,55,55,80,60,45
333,Electric,510,90,75,85,115,90,55
334,Electric,610,90,95,105,165,110,45
335,Dragon,610,90,95,105,165,110,45
336,Grass,490,75,80,95,90,100,50
337,Water,250,70,20,50,20,50,40
338,Fairy,250,70,20,50,20,50,40
339,Water,420,100,50,80,60,80,50
340,Fairy,420,100,50,80,60,80,50
341,Rock,410,70,100,115,30,65,30
342,Water,500,90,75,75,90,100,70
343,Grass,250,35,35,40,35,55,50
344,Flying,250,35,35,40,35,55,50
345,Grass,340,55,45,50,45,65,80
346,Flying,340,55,45,50,45,65,80
347,Grass,460,75,55,70,55,95,110
348,Flying,460,75,55,70,55,95,110
349,Normal,360,55,70,55,40,55,85
350,Grass,180,30,30,30,30,30,30
351,Grass,425,75,75,55,105,85,30
352,Bug,390,65,65,45,75,45,95
353,Flying,390,65,65,45,75,45,95
354,Water,210,55,45,45,25,25,15
355,Ground,210,55,45,45,25,25,15
356,Water,430,95,85,85,65,65,35
357,Ground,430,95,85,85,65,65,35
358,Psychic,525,65,65,60,130,95,110
359,Dark,525,95,65,110,60,130,65
360,Dark,405,60,85,42,85,42,91
361,Flying,405,60,85,42,85,42,91
362,Water,490,95,75,80,100,110,30
363,Psychic,490,95,75,80,100,110,30
364,Ghost,435,60,60,60,85,85,85
365,Psychic,336,48,72,48,72,48,48
366,Psychic,405,190,33,58,33,58,33
367,Normal,455,70,80,65,90,65,85
368,Psychic,455,70,80,65,90,65,85
369,Bug,290,50,65,90,35,35,15
370,Bug,465,75,90,140,60,60,40
371,Steel,465,75,90,140,60,60,40
372,Normal,415,100,70,70,65,65,45
373,Ground,430,65,75,105,35,65,85
374,Flying,430,65,75,105,35,65,85
375,Steel,510,75,85,200,55,65,30
376,Ground,510,75,85,200,55,65,30
377,Steel,610,75,125,230,55,95,30
378,Ground,610,75,125,230,55,95,30
379,Fairy,300,60,80,50,40,40,30
380,Fairy,450,90,120,75,60,60,45
381,Water,440,65,95,85,55,55,85
382,Poison,440,65,95,85,55,55,85
383,Bug,500,70,130,100,55,80,65
384,Steel,500,70,130,100,55,80,65
385,Bug,600,70,150,140,65,100,75
386,Steel,600,70,150,140,65,100,75
387,Bug,505,20,10,230,10,230,5
388,Rock,505,20,10,230,10,230,5
389,Bug,500,80,125,75,40,95,85
390,Fighting,500,80,125,75,40,95,85
391,Bug,600,80,185,115,40,105,75
392,Fighting,600,80,185,115,40,105,75
393,Dark,430,55,95,55,35,75,115
394,Ice,430,55,95,55,35,75,115
395,Normal,330,60,80,50,50,50,40
396,Normal,500,90,130,75,75,75,55
397,Fire,250,40,40,40,70,40,20
398,Fire,430,60,50,120,90,80,30
399,Rock,430,60,50,120,90,80,30
400,Ice,250,50,50,40,30,30,50
401,Ground,250,50,50,40,30,30,50
402,Ice,450,100,100,80,60,60,50
403,Ground,450,100,100,80,60,60,50
404,Water,410,65,55,95,65,95,35
405,Rock,410,65,55,95,65,95,35
406,Ghost,410,60,55,100,65,100,30
407,Water,300,35,65,35,65,35,65
408,Water,480,75,105,75,105,75,45
409,Ice,330,45,55,45,65,45,75
410,Flying,330,45,55,45,65,45,75
411,Water,485,85,40,70,80,140,70
412,Flying,485,85,40,70,80,140,70
413,Steel,465,65,80,140,40,70,70
414,Flying,465,65,80,140,40,70,70
415,Dark,330,45,60,30,80,50,65
416,Fire,330,45,60,30,80,50,65
417,Dark,500,75,90,50,110,80,95
418,Fire,500,75,90,50,110,80,95
419,Dark,600,75,90,90,140,90,115
420,Fire,600,75,90,90,140,90,115
421,Water,540,75,95,95,95,95,85
422,Dragon,540,75,95,95,95,95,85
423,Ground,330,90,60,60,40,40,40
424,Ground,500,90,120,120,60,60,50
425,Normal,515,85,80,90,105,95,60
426,Normal,465,73,95,62,85,65,85
427,Normal,250,55,20,35,20,45,75
428,Fighting,210,35,35,35,35,35,35
429,Fighting,455,50,95,95,35,110,70
430,Ice,305,45,30,15,85,65,65
431,Psychic,305,45,30,15,85,65,65
432,Electric,360,45,63,37,65,55,95
433,Fire,365,45,75,37,70,55,83
434,Normal,490,95,80,105,40,70,100
435,Normal,540,255,10,10,75,135,55
436,Electric,580,90,85,75,115,100,115
437,Fire,580,115,115,85,90,75,100
438,Water,580,100,75,115,90,115,85
439,Rock,300,50,64,50,45,50,41
440,Ground,300,50,64,50,45,50,41
441,Rock,410,70,84,70,65,70,51
442,Ground,410,70,84,70,65,70,51
443,Rock,600,100,134,110,95,100,61
444,Dark,600,100,134,110,95,100,61
445,Rock,700,100,164,150,95,120,71
446,Dark,700,100,164,150,95,120,71
447,Psychic,680,106,90,130,90,154,110
448,Flying,680,106,90,130,90,154,110
449,Fire,680,106,130,90,110,154,90
450,Flying,680,106,130,90,110,154,90
451,Psychic,600,100,100,100,100,100,100
452,Grass,600,100,100,100,100,100,100
453,Grass,310,40,45,35,65,55,70
454,Grass,405,50,65,45,85,65,95
455,Grass,530,70,85,65,105,85,120
456,Grass,630,70,110,75,145,85,145
457,Dragon,630,70,110,75,145,85,145
458,Fire,310,45,60,40,70,50,45
459,Fire,405,60,85,60,85,60,55
460,Fighting,405,60,85,60,85,60,55
461,Fire,530,80,120,70,110,70,80
462,Fighting,530,80,120,70,110,70,80
463,Fire,630,80,160,80,130,80,100
464,Fighting,630,80,160,80,130,80,100
465,Water,310,50,70,50,50,50,40
466,Water,405,70,85,70,60,70,50
467,Ground,405,70,85,70,60,70,50
468,Water,535,100,110,90,85,90,60
469,Ground,535,100,110,90,85,90,60
470,Water,635,100,150,110,95,110,70
471,Ground,635,100,150,110,95,110,70
472,Dark,220,35,55,35,30,30,35
473,Dark,420,70,90,70,60,60,70
474,Normal,240,38,30,41,30,41,60
475,Dark,240,38,30,41,30,41,60
476,Normal,240,38,30,41,30,41,60
477,Normal,420,78,70,61,50,61,100
478,Dark,420,78,70,61,50,61,100
479,Normal,420,78,70,61,50,61,100
480,Bug,195,45,45,35,20,30,20
481,Bug,205,50,35,55,25,25,15
482,Bug,395,60,70,50,100,50,65
483,Flying,395,60,70,50,100,50,65
484,Bug,205,50,35,55,25,25,15
485,Bug,385,60,50,70,50,90,65
486,Poison,385,60,50,70,50,90,65
487,Water,220,40,30,30,40,50,30
488,Grass,220,40,30,30,40,50,30
489,Water,340,60,50,50,60,70,50
490,Grass,340,60,50,50,60,70,50
491,Water,480,80,70,70,90,100,70
492,Grass,480,80,70,70,90,100,70
493,Grass,220,40,40,50,30,30,30
494,Grass,340,70,70,40,60,40,60
495,Dark,340,70,70,40,60,40,60
496,Grass,480,90,100,60,90,60,80
497,Dark,480,90,100,60,90,60,80
498,Normal,270,40,55,30,30,30,85
499,Flying,270,40,55,30,30,30,85
500,Normal,455,60,85,60,75,50,125
501,Flying,455,60,85,60,75,50,125
502,Water,270,40,30,30,55,30,85
503,Flying,270,40,30,30,55,30,85
504,Water,440,60,50,100,95,70,65
505,Flying,440,60,50,100,95,70,65
506,Psychic,198,28,25,25,45,35,40
507,Fairy,198,28,25,25,45,35,40
508,Psychic,278,38,35,35,65,55,50
509,Fairy,278,38,35,35,65,55,50
510,Psychic,518,68,65,65,125,115,80
511,Fairy,518,68,65,65,125,115,80
512,Psychic,618,68,85,65,165,135,100
513,Fairy,618,68,85,65,165,135,100
514,Bug,269,40,30,32,50,52,65
515,Water,269,40,30,32,50,52,65
516,Bug,454,70,60,62,100,82,80
517,Flying,454,70,60,62,100,82,80
518,Grass,295,60,40,60,40,60,35
519,Grass,460,60,130,80,60,60,70
520,Fighting,460,60,130,80,60,60,70
521,Normal,280,60,60,60,35,35,30
522,Normal,440,80,80,80,55,55,90
523,Normal,670,150,160,100,95,65,100
524,Bug,266,31,45,90,30,30,40
525,Ground,266,31,45,90,30,30,40
526,Bug,456,61,90,45,50,50,160
527,Flying,456,61,90,45,50,50,160
528,Bug,236,1,90,45,30,30,40
529,Ghost,236,1,90,45,30,30,40
530,Normal,240,64,51,23,51,23,28
531,Normal,360,84,71,43,71,43,48
532,Normal,490,104,91,63,91,73,68
533,Fighting,237,72,60,30,20,30,25
534,Fighting,474,144,120,60,40,60,50
535,Normal,190,50,20,40,20,40,20
536,Fairy,190,50,20,40,20,40,20
537,Rock,375,30,45,135,45,90,30
538,Normal,260,50,45,45,35,35,50
539,Normal,400,70,65,65,55,55,90
540,Dark,380,50,75,75,65,65,50
541,Ghost,380,50,75,75,65,65,50
542,Dark,480,50,85,125,85,115,20
543,Ghost,480,50,85,125,85,115,20
544,Steel,380,50,85,85,55,55,50
545,Fairy,380,50,85,85,55,55,50
546,Steel,480,50,105,125,55,95,50
547,Fairy,480,50,105,125,55,95,50
548,Steel,330,50,70,100,40,40,30
549,Rock,330,50,70,100,40,40,30
550,Steel,430,60,90,140,50,50,40
551,Rock,430,60,90,140,50,50,40
552,Steel,530,70,110,180,60,60,50
553,Rock,530,70,110,180,60,60,50
554,Steel,630,70,140,230,60,80,50
555,Fighting,280,30,40,55,40,55,60
556,Psychic,280,30,40,55,40,55,60
557,Fighting,410,60,60,75,60,75,80
558,Psychic,410,60,60,75,60,75,80
559,Fighting,510,60,100,85,80,85,100
560,Psychic,510,60,100,85,80,85,100
561,Electric,295,40,45,40,65,40,65
562,Electric,475,70,75,60,105,60,105
563,Electric,575,70,75,80,135,80,135
564,Electric,405,60,50,40,85,75,95
565,Electric,405,60,40,50,75,85,95
566,Bug,430,65,73,75,47,85,85
567,Bug,430,65,47,75,73,85,85
568,Grass,400,50,60,45,100,80,65
569,Poison,400,50,60,45,100,80,65
570,Poison,302,70,43,53,43,53,40
571,Poison,467,100,73,83,73,83,55
572,Water,305,45,90,20,65,20,65
573,Dark,305,45,90,20,65,20,65
574,Water,460,70,120,40,95,40,95
575,Dark,460,70,120,40,95,40,95
576,Water,560,70,140,70,110,65,105
577,Dark,560,70,140,70,110,65,105
578,Water,400,130,70,35,70,35,60
579,Water,500,170,90,45,90,45,60
580,Fire,305,60,60,40,65,45,35
581,Ground,305,60,60,40,65,45,35
582,Fire,460,70,100,70,105,75,40
583,Ground,460,70,100,70,105,75,40
584,Fire,560,70,120,100,145,105,20
585,Ground,560,70,120,100,145,105,20
586,Fire,470,70,85,140,85,70,20
587,Psychic,330,60,25,35,70,80,60
588,Psychic,470,80,45,65,90,110,80
589,Normal,360,60,60,60,60,60,60
590,Ground,290,45,100,45,45,45,10
591,Ground,340,50,70,50,50,50,70
592,Dragon,340,50,70,50,50,50,70
593,Ground,520,80,100,80,80,80,100
594,Dragon,520,80,100,80,80,80,100
595,Grass,335,50,85,40,85,40,35
596,Grass,475,70,115,60,115,60,55
597,Dark,475,70,115,60,115,60,55
598,Normal,310,45,40,60,40,75,50
599,Flying,310,45,40,60,40,75,50
600,Dragon,490,75,70,90,70,105,80
601,Flying,490,75,70,90,70,105,80
602,Dragon,590,75,110,110,110,105,80
603,Fairy,590,75,110,110,110,105,80
604,Normal,458,73,115,60,60,60,90
605,Poison,458,73,100,60,100,60,65
606,Rock,460,90,55,65,95,85,70
607,Psychic,460,90,55,65,95,85,70
608,Rock,460,90,95,85,55,65,70
609,Psychic,460,90,95,85,55,65,70
610,Water,288,50,48,43,46,41,60
611,Ground,288,50,48,43,46,41,60
612,Water,468,110,78,73,76,71,60
613,Ground,468,110,78,73,76,71,60
614,Water,308,43,80,65,50,35,35
615,Water,468,63,120,85,90,55,55
616,Dark,468,63,120,85,90,55,55
617,Ground,300,40,40,55,40,70,55
618,Psychic,300,40,40,55,40,70,55
619,Ground,500,60,70,105,70,120,75
620,Psychic,500,60,70,105,70,120,75
621,Rock,355,66,41,77,61,87,23
622,Grass,355,66,41,77,61,87,23
623,Rock,495,86,81,97,81,107,43
624,Grass,495,86,81,97,81,107,43
625,Rock,355,45,95,50,40,50,75
626,Bug,355,45,95,50,40,50,75
627,Rock,495,75,125,100,70,80,45
628,Bug,495,75,125,100,70,80,45
629,Water,200,20,15,20,10,55,80
630,Water,540,95,60,79,100,125,81
631,Normal,420,70,70,70,70,70,70
632,Fire,420,70,70,70,70,70,70
633,Water,420,70,70,70,70,70,70
634,Ice,420,70,70,70,70,70,70
635,Normal,440,60,90,70,60,120,40
636,Ghost,295,44,75,35,63,33,45
637,Ghost,455,64,115,65,83,63,65
638,Ghost,555,64,165,75,93,83,75
639,Ghost,295,20,40,90,30,90,25
640,Ghost,455,40,70,130,60,130,25
641,Grass,460,99,68,83,72,87,51
642,Flying,460,99,68,83,72,87,51
643,Psychic,455,75,50,80,95,90,65
644,Dark,465,65,130,60,75,60,75
645,Dark,565,65,150,60,115,60,115
646,Psychic,260,95,23,48,23,48,23
647,Ice,300,50,50,50,50,50,50
648,Ice,480,80,80,80,80,80,80
649,Ice,580,80,120,80,120,80,100
650,Ice,290,70,40,50,55,50,25
651,Water,290,70,40,50,55,50,25
652,Ice,410,90,60,70,75,70,45
653,Water,410,90,60,70,75,70,45
654,Ice,530,110,80,90,95,90,65
655,Water,530,110,80,90,95,90,65
656,Water,345,35,64,85,74,55,32
657,Water,485,55,104,105,94,75,52
658,Water,485,55,84,105,114,75,52
659,Water,485,100,90,130,45,65,55
660,Rock,485,100,90,130,45,65,55
661,Water,330,43,30,55,40,65,97
662,Dragon,300,45,75,60,40,30,50
663,Dragon,420,65,95,100,60,50,50
664,Dragon,600,95,135,80,110,80,100
665,Flying,600,95,135,80,110,80,100
666,Dragon,700,95,145,130,120,90,120
667,Flying,700,95,145,130,120,90,120
668,Steel,300,40,55,80,35,60,30
669,Psychic,300,40,55,80,35,60,30
670,Steel,420,60,75,100,55,80,50
671,Psychic,420,60,75,100,55,80,50
672,Steel,600,80,135,130,95,90,70
673,Psychic,600,80,135,130,95,90,70
674,Steel,700,80,145,150,105,110,110
675,Psychic,700,80,145,150,105,110,110
676,Rock,580,80,100,200,50,100,50
677,Ice,580,80,50,100,100,200,50
678,Steel,580,80,75,150,75,150,50
679,Dragon,600,80,80,90,110,130,110
680,Psychic,600,80,80,90,110,130,110
681,Dragon,700,80,100,120,140,150,110
682,Psychic,700,80,100,120,140,150,110
683,Dragon,600,80,90,80,130,110,110
684,Psychic,600,80,90,80,130,110,110
685,Dragon,700,80,130,100,160,120,110
686,Psychic,700,80,130,100,160,120,110
687,Water,670,100,100,90,150,140,90
688,Water,770,100,150,90,180,160,90
689,Ground,670,100,150,140,100,90,90
690,Ground,770,100,180,160,150,90,90
691,Fire,770,100,180,160,150,90,90
692,Dragon,680,105,150,90,150,90,95
693,Flying,680,105,150,90,150,90,95
694,Dragon,780,105,180,100,180,100,115
695,Flying,780,105,180,100,180,100,115
696,Steel,600,100,100,100,100,100,100
697,Psychic,600,100,100,100,100,100,100
698,Psychic,600,50,150,50,150,50,150
699,Psychic,600,50,180,20,180,20,150
700,Psychic,600,50,70,160,70,160,90
701,Psychic,600,50,95,90,95,90,180
702,Grass,318,55,68,64,45,55,31
703,Grass,405,75,89,85,55,65,36
704,Grass,525,95,109,105,75,85,56
705,Ground,525,95,109,105,75,85,56
706,Fire,309,44,58,44,58,44,61
707,Fire,405,64,78,52,78,52,81
708,Fighting,405,64,78,52,78,52,81
709,Fire,534,76,104,71,104,71,108
710,Fighting,534,76,104,71,104,71,108
711,Water,314,53,51,53,61,56,40
712,Water,405,64,66,68,81,76,50
713,Water,530,84,86,88,111,101,60
714,Steel,530,84,86,88,111,101,60
715,Normal,245,40,55,30,30,30,60
716,Flying,245,40,55,30,30,30,60
717,Normal,340,55,75,50,40,40,80
718,Flying,340,55,75,50,40,40,80
719,Normal,485,85,120,70,50,60,100
720,Flying,485,85,120,70,50,60,100
721,Normal,250,59,45,40,35,40,31
722,Normal,410,79,85,60,55,60,71
723,Water,410,79,85,60,55,60,71
724,Bug,194,37,25,41,25,41,25
725,Bug,384,77,85,51,55,51,65
726,Electric,263,45,65,34,40,34,45
727,Electric,363,60,85,49,60,49,60
728,Electric,523,80,120,79,95,79,70
729,Grass,280,40,30,35,50,70,55
730,Poison,280,40,30,35,50,70,55
731,Grass,515,60,70,65,125,105,90
732,Poison,515,60,70,65,125,105,90
733,Rock,350,67,125,40,30,30,58
734,Rock,495,97,165,60,65,50,58
735,Rock,350,30,42,118,42,88,30
736,Steel,350,30,42,118,42,88,30
737,Rock,495,60,52,168,47,138,30
738,Steel,495,60,52,168,47,138,30
739,Bug,224,40,29,45,29,45,36
740,Bug,424,60,59,85,79,105,36
741,Grass,424,60,59,85,79,105,36
742,Bug,424,60,79,105,59,85,36
743,Ground,424,60,79,105,59,85,36
744,Bug,424,60,69,95,69,95,36
745,Steel,424,60,69,95,69,95,36
746,Bug,424,70,94,50,94,50,66
747,Flying,424,70,94,50,94,50,66
748,Bug,244,30,30,42,30,42,70
749,Flying,244,30,30,42,30,42,70
750,Bug,474,70,80,102,80,102,40
751,Flying,474,70,80,102,80,102,40
752,Electric,405,60,45,70,45,90,95
753,Water,330,55,65,35,60,30,85
754,Water,495,85,105,55,85,50,115
755,Grass,275,45,35,45,62,53,35
756,Grass,450,70,60,70,87,78,85
757,Water,325,76,48,48,57,62,34
758,Water,475,111,83,68,92,82,39
759,Ground,475,111,83,68,92,82,39
760,Normal,482,75,100,66,60,66,115
761,Ghost,348,90,50,34,60,44,70
762,Flying,348,90,50,34,60,44,70
763,Ghost,498,150,80,44,90,54,80
764,Flying,498,150,80,44,90,54,80
765,Normal,350,55,66,44,44,56,85
766,Normal,480,65,76,84,54,96,105
767,Normal,580,65,136,94,54,96,135
768,Fighting,580,65,136,94,54,96,135
769,Ghost,495,60,60,60,105,105,105
770,Dark,505,100,125,52,105,52,71
771,Flying,505,100,125,52,105,52,71
772,Normal,310,49,55,42,42,37,85
773,Normal,452,71,82,64,64,59,112
774,Psychic,285,45,30,50,65,50,45
775,Poison,329,63,63,47,41,41,74
776,Dark,329,63,63,47,41,41,74
777,Poison,479,103,93,67,71,61,84
778,Dark,479,103,93,67,71,61,84
779,Steel,300,57,24,86,24,86,23
780,Psychic,300,57,24,86,24,86,23
781,Steel,500,67,89,116,79,116,33
782,Psychic,500,67,89,116,79,116,33
783,Rock,290,50,80,95,10,45,10
784,Psychic,310,20,25,45,70,90,60
785,Fairy,310,20,25,45,70,90,60
786,Normal,220,100,5,5,15,65,30
787,Normal,411,76,65,45,92,42,91
788,Flying,411,76,65,45,92,42,91
789,Ghost,485,50,92,108,92,108,35
790,Dark,485,50,92,108,92,108,35
791,Dragon,300,58,70,45,40,45,42
792,Ground,300,58,70,45,40,45,42
793,Dragon,410,68,90,65,50,55,82
794,Ground,410,68,90,65,50,55,82
795,Dragon,600,108,130,95,80,85,102
796,Ground,600,108,130,95,80,85,102
797,Dragon,700,108,170,115,120,95,92
798,Ground,700,108,170,115,120,95,92
799,Normal,390,135,85,40,40,85,5
800,Fighting,285,40,70,40,35,40,60
801,Fighting,525,70,110,70,115,70,90
802,Steel,525,70,110,70,115,70,90
803,Fighting,625,70,145,88,140,70,112
804,Steel,625,70,145,88,140,70,112
805,Ground,330,68,72,78,38,42,32
806,Ground,525,108,112,118,68,72,47
807,Poison,330,40,50,90,30,55,65
808,Bug,330,40,50,90,30,55,65
809,Poison,500,70,90,110,60,75,95
810,Dark,500,70,90,110,60,75,95
811,Poison,300,48,61,40,61,40,50
812,Fighting,300,48,61,40,61,40,50
813,Poison,490,83,106,65,86,65,85
814,Fighting,490,83,106,65,86,65,85
815,Grass,454,74,100,72,90,72,46
816,Water,330,49,49,56,49,61,66
817,Water,460,69,69,76,69,86,91
818,Water,345,45,20,50,60,120,50
819,Flying,345,45,20,50,60,120,50
820,Grass,334,60,62,50,62,60,40
821,Ice,334,60,62,50,62,60,40
822,Grass,494,90,92,75,92,85,60
823,Ice,494,90,92,75,92,85,60
824,Grass,594,90,132,105,132,105,30
825,Ice,594,90,132,105,132,105,30
826,Dark,510,70,120,65,45,85,125
827,Ice,510,70,120,65,45,85,125
828,Electric,535,70,70,115,130,90,60
829,Steel,535,70,70,115,130,90,60
830,Normal,515,110,85,95,80,95,50
831,Ground,535,115,140,130,55,55,40
832,Rock,535,115,140,130,55,55,40
833,Grass,535,100,100,125,110,50,50
834,Electric,540,75,123,67,95,85,95
835,Fire,540,75,95,67,125,95,83
836,Fairy,545,85,50,95,120,115,80
837,Flying,545,85,50,95,120,115,80
838,Bug,515,86,76,86,116,56,95
839,Flying,515,86,76,86,116,56,95
840,Grass,525,65,110,130,60,65,95
841,Ice,525,65,60,110,130,95,65
842,Ground,510,75,95,125,45,75,95
843,Flying,510,75,95,125,45,75,95
844,Ice,530,110,130,80,70,60,80
845,Ground,530,110,130,80,70,60,80
846,Normal,535,85,80,70,135,75,90
847,Psychic,518,68,125,65,65,115,80
848,Fighting,518,68,125,65,65,115,80
849,Psychic,618,68,165,95,65,115,110
850,Fighting,618,68,165,95,65,115,110
851,Rock,525,60,55,145,75,150,40
852,Steel,525,60,55,145,75,150,40
853,Ghost,525,45,100,135,65,135,45
854,Ice,480,70,80,70,80,70,110
855,Ghost,480,70,80,70,80,70,110
856,Electric,440,50,50,77,95,77,91
857,Ghost,440,50,50,77,95,77,91
858,Electric,520,50,65,107,105,107,86
859,Fire,520,50,65,107,105,107,86
860,Electric,520,50,65,107,105,107,86
861,Water,520,50,65,107,105,107,86
862,Electric,520,50,65,107,105,107,86
863,Ice,520,50,65,107,105,107,86
864,Electric,520,50,65,107,105,107,86
865,Flying,520,50,65,107,105,107,86
866,Electric,520,50,65,107,105,107,86
867,Grass,520,50,65,107,105,107,86
868,Psychic,580,75,75,130,75,130,95
869,Psychic,580,80,105,105,105,105,80
870,Psychic,580,75,125,70,125,70,115
871,Steel,680,100,120,120,150,100,90
872,Dragon,680,100,120,120,150,100,90
873,Water,680,90,120,100,150,120,100
874,Dragon,680,90,120,100,150,120,100
875,Fire,600,91,90,106,130,106,77
876,Steel,600,91,90,106,130,106,77
877,Normal,670,110,160,110,80,110,100
878,Ghost,680,150,100,120,100,120,90
879,Dragon,680,150,100,120,100,120,90
880,Ghost,680,150,120,100,120,100,90
881,Dragon,680,150,120,100,120,100,90
882,Psychic,600,120,70,120,75,130,85
883,Water,480,80,80,80,80,80,80
884,Water,600,100,100,100,100,100,100
885,Dark,600,70,90,90,135,90,125
886,Grass,600,100,100,100,100,100,100
887,Grass,600,100,103,75,120,75,127
888,Flying,600,100,103,75,120,75,127
889,Normal,720,120,120,120,120,120,120
890,Psychic,600,100,100,100,100,100,100
891,Fire,600,100,100,100,100,100,100
892,Grass,308,45,45,55,45,55,63
893,Grass,413,60,60,75,60,75,83
894,Grass,528,75,75,95,75,95,113
895,Fire,308,65,63,45,45,45,45
896,Fire,418,90,93,55,70,55,55
897,Fighting,418,90,93,55,70,55,55
898,Fire,528,110,123,65,100,65,65
899,Fighting,528,110,123,65,100,65,65
900,Water,308,55,55,45,63,45,45
901,Water,413,75,75,60,83,60,60
902,Water,528,95,100,85,108,70,70
903,Normal,255,45,55,39,35,39,42
904,Normal,420,60,85,69,60,69,77
905,Normal,275,45,60,45,25,45,55
906,Normal,370,65,80,65,35,65,60
907,Normal,500,85,110,90,45,90,80
908,Dark,281,41,50,37,50,37,66
909,Dark,446,64,88,50,88,50,106
910,Grass,316,50,53,48,53,48,64
911,Grass,498,75,98,63,98,63,101
912,Fire,316,50,53,48,53,48,64
913,Fire,498,75,98,63,98,63,101
914,Water,316,50,53,48,53,48,64
915,Water,498,75,98,63,98,63,101
916,Psychic,292,76,25,45,67,55,24
917,Psychic,487,116,55,85,107,95,29
918,Normal,264,50,55,50,36,30,43
919,Flying,264,50,55,50,36,30,43
920,Normal,358,62,77,62,50,42,65
921,Flying,358,62,77,62,50,42,65
922,Normal,488,80,115,80,65,55,93
923,Flying,488,80,115,80,65,55,93
924,Electric,295,45,60,32,50,32,76
925,Electric,497,75,100,63,80,63,116
926,Rock,280,55,75,85,25,25,15
927,Rock,390,70,105,105,50,40,20
928,Rock,515,85,135,130,60,80,25
929,Psychic,323,65,45,43,55,43,72
930,Flying,323,65,45,43,55,43,72
931,Psychic,425,67,57,55,77,55,114
932,Flying,425,67,57,55,77,55,114
933,Ground,328,60,85,40,30,45,68
934,Ground,508,110,135,60,50,65,88
935,Steel,508,110,135,60,50,65,88
936,Normal,445,103,60,86,60,86,50
937,Normal,545,103,60,126,80,126,50
938,Fairy,545,103,60,126,80,126,50
939,Fighting,305,75,80,55,25,35,35
940,Fighting,405,85,105,85,40,50,40
941,Fighting,505,105,140,95,55,65,45
942,Water,294,50,50,40,50,40,64
943,Water,384,75,65,55,65,55,69
944,Ground,384,75,65,55,65,55,69
945,Water,509,105,95,75,85,75,74
946,Ground,509,105,95,75,85,75,74
947,Fighting,465,120,100,85,30,85,45
948,Fighting,465,75,125,75,30,75,85
949,Bug,310,45,53,70,40,60,42
950,Grass,310,45,53,70,40,60,42
951,Bug,380,55,63,90,50,80,42
952,Grass,380,55,63,90,50,80,42
953,Bug,500,75,103,80,70,80,92
954,Grass,500,75,103,80,70,80,92
955,Bug,260,30,45,59,30,39,57
956,Poison,260,30,45,59,30,39,57
957,Bug,360,40,55,99,40,79,47
958,Poison,360,40,55,99,40,79,47
959,Bug,485,60,100,89,55,69,112
960,Poison,485,60,100,89,55,69,112
961,Grass,280,40,27,60,37,50,66
962,Fairy,280,40,27,60,37,50,66
963,Grass,480,60,67,85,77,75,116
964,Fairy,480,60,67,85,77,75,116
965,Grass,280,45,35,50,70,50,30
966,Grass,480,70,60,75,110,75,90
967,Water,460,70,92,65,80,55,98
968,Water,460,70,92,65,80,55,98
969,Ground,292,50,72,35,35,35,65
970,Dark,292,50,72,35,35,35,65
971,Ground,351,60,82,45,45,45,74
972,Dark,351,60,82,45,45,45,74
973,Ground,519,95,117,80,65,70,92
974,Dark,519,95,117,80,65,70,92
975,Fire,315,70,90,45,15,45,50
976,Ice,315,70,90,45,15,45,50
977,Fire,480,105,140,55,30,55,95
978,Fire,540,105,30,105,140,105,55
979,Psychic,540,105,30,105,140,105,55
980,Ice,480,105,140,55,30,55,95
981,Ice,540,105,160,55,30,55,135
982,Fire,540,105,160,55,30,55,135
983,Grass,461,75,86,67,106,67,60
984,Bug,325,50,65,85,35,35,55
985,Rock,325,50,65,85,35,35,55
986,Bug,485,70,105,125,65,75,45
987,Rock,485,70,105,125,65,75,45
988,Dark,348,50,75,70,35,70,48
989,Fighting,348,50,75,70,35,70,48
990,Dark,488,65,90,115,45,115,58
991,Fighting,488,65,90,115,45,115,58
992,Psychic,490,72,58,80,103,80,97
993,Flying,490,72,58,80,103,80,97
994,Ghost,303,38,30,85,55,65,30
995,Ground,303,38,55,85,30,65,30
996,Ghost,303,38,55,85,30,65,30
997,Ghost,483,58,50,145,95,105,30
998,Water,355,54,78,103,53,45,22
999,Rock,355,54,78,103,53,45,22
1000,Water,495,74,108,133,83,65,32
1001,Rock,495,74,108,133,83,65,32
1002,Rock,401,55,112,45,74,45,70
1003,Flying,401,55,112,45,74,45,70
1004,Rock,567,75,140,65,112,65,110
1005,Flying,567,75,140,65,112,65,110
1006,Poison,329,50,50,62,40,62,65
1007,Poison,474,80,95,82,60,82,75
1008,Dark,330,40,65,40,80,40,65
1009,Dark,510,60,105,60,120,60,105
1010,Normal,300,55,50,40,40,40,75
1011,Normal,470,75,95,60,65,60,115
1012,Psychic,290,45,30,50,55,65,45
1013,Psychic,390,60,45,70,75,85,55
1014,Psychic,490,70,55,95,95,110,65
1015,Psychic,290,45,30,40,105,50,20
1016,Psychic,370,65,40,50,125,60,30
1017,Psychic,490,110,65,75,125,85,30
1018,Water,305,62,44,50,44,50,55
1019,Flying,305,62,44,50,44,50,55
1020,Water,473,75,87,63,87,63,98
1021,Flying,473,75,87,63,87,63,98
1022,Ice,305,36,50,50,65,60,44
1023,Ice,395,51,65,65,80,75,59
1024,Ice,535,71,95,85,110,95,79
1025,Normal,335,60,60,50,40,50,75
1026,Grass,335,60,60,50,40,50,75
1027,Normal,475,80,100,70,60,70,95
1028,Grass,475,80,100,70,60,70,95
1029,Electric,428,55,75,60,75,60,103
1030,Flying,428,55,75,60,75,60,103
1031,Bug,315,50,75,45,40,45,60
1032,Bug,495,70,135,105,60,105,20
1033,Steel,495,70,135,105,60,105,20
1034,Grass,294,69,55,45,55,55,15
1035,Poison,294,69,55,45,55,55,15
1036,Grass,464,114,85,70,85,80,30
1037,Poison,464,114,85,70,85,80,30
1038,Water,335,55,40,50,65,85,40
1039,Ghost,335,55,40,50,65,85,40
1040,Water,480,100,60,70,85,105,60
1041,Ghost,480,100,60,70,85,105,60
1042,Water,470,165,75,80,40,45,65
1043,Bug,319,50,47,50,57,50,65
1044,Electric,319,50,47,50,57,50,65
1045,Bug,472,70,77,60,97,60,108
1046,Electric,472,70,77,60,97,60,108
1047,Grass,305,44,50,91,24,86,10
1048,Steel,305,44,50,91,24,86,10
1049,Grass,489,74,94,131,54,116,20
1050,Steel,489,74,94,131,54,116,20
1051,Steel,300,40,55,70,45,60,30
1052,Steel,440,60,80,95,70,85,50
1053,Steel,520,60,100,115,70,85,90
1054,Electric,275,35,55,40,45,40,60
1055,Electric,405,65,85,70,75,70,40
1056,Electric,515,85,115,80,105,80,50
1057,Psychic,335,55,55,55,85,55,30
1058,Psychic,485,75,75,75,125,95,40
1059,Ghost,275,50,30,55,65,55,20
1060,Fire,275,50,30,55,65,55,20
1061,Ghost,370,60,40,60,95,60,55
1062,Fire,370,60,40,60,95,60,55
1063,Ghost,520,60,55,90,145,90,80
1064,Fire,520,60,55,90,145,90,80
1065,Dragon,320,46,87,60,30,40,57
1066,Dragon,410,66,117,70,40,50,67
1067,Dragon,540,76,147,90,60,70,97
1068,Ice,305,55,70,40,60,40,40
1069,Ice,505,95,130,80,70,80,50
1070,Ice,515,80,50,50,95,135,105
1071,Bug,305,50,40,85,40,65,25
1072,Bug,495,80,70,40,100,60,145
1073,Ground,471,109,66,84,81,99,32
1074,Electric,471,109,66,84,81,99,32
1075,Ground,471,109,81,99,66,84,32
1076,Steel,471,109,81,99,66,84,32
1077,Fighting,350,45,85,50,55,50,65
1078,Fighting,510,65,125,60,95,60,105
1079,Dragon,485,77,120,90,60,90,48
1080,Ground,303,59,74,50,35,50,35
1081,Ghost,303,59,74,50,35,50,35
1082,Ground,483,89,124,80,55,80,55
1083,Ghost,483,89,124,80,55,80,55
1084,Dark,340,45,85,70,40,40,60
1085,Steel,340,45,85,70,40,40,60
1086,Dark,490,65,125,100,60,70,70
1087,Steel,490,65,125,100,60,70,70
1088,Normal,490,95,110,95,40,95,55
1089,Normal,350,70,83,50,37,50,60
1090,Flying,350,70,83,50,37,50,60
1091,Normal,510,100,123,75,57,75,80
1092,Flying,510,100,123,75,57,75,80
1093,Dark,370,70,55,75,45,65,60
1094,Flying,370,70,55,75,45,65,60
1095,Dark,510,110,65,105,55,95,80
1096,Flying,510,110,65,105,55,95,80
1097,Fire,484,85,97,66,105,66,65
1098,Bug,484,58,109,112,48,48,109
1099,Steel,484,58,109,112,48,48,109
1100,Dark,300,52,65,50,45,50,38
1101,Dragon,300,52,65,50,45,50,38
1102,Dark,420,72,85,70,65,70,58
1103,Dragon,420,72,85,70,65,70,58
1104,Dark,600,92,105,90,125,90,98
1105,Dragon,600,92,105,90,125,90,98
1106,Bug,360,55,85,55,50,55,60
1107,Fire,360,55,85,55,50,55,60
1108,Bug,550,85,60,65,135,105,100
1109,Fire,550,85,60,65,135,105,100
1110,Steel,580,91,90,129,90,72,108
1111,Fighting,580,91,90,129,90,72,108
1112,Rock,580,91,129,90,72,90,108
1113,Fighting,580,91,129,90,72,90,108
1114,Grass,580,91,90,72,90,129,108
1115,Fighting,580,91,90,72,90,129,108
1116,Flying,580,79,115,70,125,80,111
1117,Flying,580,79,100,80,110,90,121
1118,Electric,580,79,115,70,125,80,111
1119,Flying,580,79,115,70,125,80,111
1120,Electric,580,79,105,70,145,80,101
1121,Flying,580,79,105,70,145,80,101
1122,Dragon,680,100,120,100,150,120,90
1123,Fire,680,100,120,100,150,120,90
1124,Dragon,680,100,150,120,120,100,90
1125,Electric,680,100,150,120,120,100,90
1126,Ground,600,89,125,90,115,80,101
1127,Flying,600,89,125,90,115,80,101
1128,Ground,600,89,145,90,105,80,91
1129,Flying,600,89,145,90,105,80,91
1130,Dragon,660,125,130,90,130,90,95
1131,Ice,660,125,130,90,130,90,95
1132,Dragon,700,125,170,100,120,90,95
1133,Ice,700,125,170,100,120,90,95
1134,Dragon,700,125,120,90,170,100,95
1135,Ice,700,125,120,90,170,100,95
1136,Water,580,91,72,90,129,90,108
1137,Fighting,580,91,72,90,129,90,108
1138,Water,580,91,72,90,129,90,108
1139,Fighting,580,91,72,90,129,90,108
1140,Normal,600,100,77,77,128,128,90
1141,Psychic,600,100,77,77,128,128,90
1142,Normal,600,100,128,90,77,77,128
1143,Fighting,600,100,128,90,77,77,128
1144,Bug,600,71,120,95,120,95,99
1145,Steel,600,71,120,95,120,95,99
1146,Grass,313,56,61,65,48,45,38
1147,Grass,405,61,78,95,56,58,57
1148,Grass,530,88,107,122,74,75,64
1149,Fighting,530,88,107,122,74,75,64
1150,Fire,307,40,45,40,62,60,60
1151,Fire,409,59,59,58,90,70,73
1152,Fire,534,75,69,72,114,100,104
1153,Psychic,534,75,69,72,114,100,104
1154,Water,314,41,56,40,62,44,71
1155,Water,405,54,63,52,83,56,97
1156,Water,530,72,95,67,103,71,122
1157,Dark,530,72,95,67,103,71,122
1158,Water,640,72,145,67,153,71,132
1159,Dark,640,72,145,67,153,71,132
1160,Normal,237,38,36,38,32,36,57
1161,Normal,423,85,56,77,50,77,78
1162,Ground,423,85,56,77,50,77,78
1163,Normal,278,45,50,43,40,38,62
1164,Flying,278,45,50,43,40,38,62
1165,Fire,382,62,73,55,56,52,84
1166,Flying,382,62,73,55,56,52,84
1167,Fire,499,78,81,71,74,69,126
1168,Flying,499,78,81,71,74,69,126
1169,Bug,200,38,35,40,27,25,35
1170,Bug,213,45,22,60,27,30,29
1171,Bug,411,80,52,50,90,50,89
1172,Flying,411,80,52,50,90,50,89
1173,Fire,369,62,50,58,73,54,72
1174,Normal,369,62,50,58,73,54,72
1175,Fire,507,86,68,72,109,66,106
1176,Normal,507,86,68,72,109,66,106
1177,Fairy,303,44,38,39,61,79,42
1178,Fairy,371,54,45,47,75,98,52
1179,Fairy,552,78,65,68,112,154,75
1180,Grass,350,66,65,48,62,57,52
1181,Grass,531,123,100,62,97,81,68
1182,Fighting,348,67,82,62,46,48,43
1183,Fighting,495,95,124,78,69,71,58
1184,Dark,495,95,124,78,69,71,58
1185,Normal,472,75,80,60,65,90,102
1186,Psychic,355,62,48,54,63,60,68
1187,Psychic,466,74,48,76,83,81,104
1188,Psychic,466,74,48,76,83,81,104
1189,Steel,325,45,80,100,35,37,28
1190,Ghost,325,45,80,100,35,37,28
1191,Steel,448,59,110,150,45,49,35
1192,Ghost,448,59,110,150,45,49,35
1193,Steel,500,60,50,140,50,140,60
1194,Ghost,500,60,50,140,50,140,60
1195,Steel,500,60,140,50,140,50,60
1196,Ghost,500,60,140,50,140,50,60
1197,Fairy,341,78,52,60,63,65,23
1198,Fairy,462,101,72,72,99,89,29
1199,Fairy,341,62,48,66,59,57,49
1200,Fairy,480,82,80,86,85,75,72
1201,Dark,288,53,54,53,37,46,45
1202,Psychic,288,53,54,53,37,46,45
1203,Dark,482,86,92,88,68,75,73
1204,Psychic,482,86,92,88,68,75,73
1205,Rock,306,42,52,67,39,56,50
1206,Water,306,42,52,67,39,56,50
1207,Rock,500,72,105,115,54,86,68
1208,Water,500,72,105,115,54,86,68
1209,Poison,320,50,60,60,60,60,30
1210,Water,320,50,60,60,60,60,30
1211,Poison,494,65,75,90,97,123,44
1212,Dragon,494,65,75,90,97,123,44
1213,Water,330,50,53,62,58,63,44
1214,Water,500,71,73,88,120,89,59
1215,Electric,289,44,38,33,61,43,70
1216,Normal,289,44,38,33,61,43,70
1217,Electric,481,62,55,52,109,94,109
1218,Normal,481,62,55,52,109,94,109
1219,Rock,362,58,89,77,45,45,48
1220,Dragon,362,58,89,77,45,45,48
1221,Rock,521,82,121,119,69,59,71
1222,Dragon,521,82,121,119,69,59,71
1223,Rock,362,77,59,50,67,63,46
1224,Ice,362,77,59,50,67,63,46
1225,Rock,521,123,77,72,99,92,58
1226,Ice,521,123,77,72,99,92,58
1227,Fairy,525,95,65,65,110,130,60
1228,Fighting,500,78,92,75,74,63,118
1229,Flying,500,78,92,75,74,63,118
1230,Electric,431,67,58,57,81,67,101
1231,Fairy,431,67,58,57,81,67,101
1232,Rock,500,50,50,150,50,150,50
1233,Fairy,500,50,50,150,50,150,50
1234,Dragon,300,45,50,35,55,75,40
1235,Dragon,452,68,75,53,83,113,60
1236,Dragon,600,90,100,70,110,150,80
1237,Steel,470,57,80,91,80,87,75
1238,Fairy,470,57,80,91,80,87,75
1239,Ghost,309,43,70,48,50,60,38
1240,Grass,309,43,70,48,50,60,38
1241,Ghost,474,85,110,76,65,82,56
1242,Grass,474,85,110,76,65,82,56
1243,Ghost,335,49,66,70,44,55,51
1244,Grass,335,49,66,70,44,55,51
1245,Ghost,335,44,66,70,44,55,56
1246,Grass,335,44,66,70,44,55,56
1247,Ghost,335,54,66,70,44,55,46
1248,Grass,335,54,66,70,44,55,46
1249,Ghost,335,59,66,70,44,55,41
1250,Grass,335,59,66,70,44,55,41
1251,Ghost,494,65,90,122,58,75,84
1252,Grass,494,65,90,122,58,75,84
1253,Ghost,494,55,85,122,58,75,99
1254,Grass,494,55,85,122,58,75,99
1255,Ghost,494,75,95,122,58,75,69
1256,Grass,494,75,95,122,58,75,69
1257,Ghost,494,85,100,122,58,75,54
1258,Grass,494,85,100,122,58,75,54
1259,Ice,304,55,69,85,32,35,28
1260,Ice,514,95,117,184,44,46,28
1261,Flying,245,40,30,35,45,40,55
1262,Dragon,245,40,30,35,45,40,55
1263,Flying,535,85,70,80,97,80,123
1264,Dragon,535,85,70,80,97,80,123
1265,Fairy,680,126,131,95,131,98,99
1266,Dark,680,126,131,95,131,98,99
1267,Flying,680,126,131,95,131,98,99
1268,Dragon,600,108,100,121,81,95,95
1269,Ground,600,108,100,121,81,95,95
1270,Dragon,486,54,100,71,61,85,115
1271,Ground,486,54,100,71,61,85,115
1272,Dragon,708,216,100,121,91,95,85
1273,Ground,708,216,100,121,91,95,85
1274,Rock,600,50,100,150,100,150,50
1275,Fairy,600,50,100,150,100,150,50
1276,Rock,700,50,160,110,160,110,110
1277,Fairy,700,50,160,110,160,110,110
1278,Psychic,600,80,110,60,150,130,70
1279,Ghost,600,80,110,60,150,130,70
1280,Psychic,680,80,160,60,170,130,80
1281,Dark,680,80,160,60,170,130,80
1282,Fire,600,80,110,120,130,90,70
1283,Water,600,80,110,120,130,90,70
1284,Grass,320,68,55,55,50,50,42
1285,Flying,320,68,55,55,50,50,42
1286,Grass,420,78,75,75,70,70,52
1287,Flying,420,78,75,75,70,70,52
1288,Grass,530,78,107,75,100,100,70
1289,Ghost,530,78,107,75,100,100,70
1290,Fire,320,45,65,40,60,40,70
1291,Fire,420,65,85,50,80,50,90
1292,Fire,530,95,115,90,80,90,60
1293,Dark,530,95,115,90,80,90,60
1294,Water,320,50,54,54,66,56,40
1295,Water,420,60,69,69,91,81,50
1296,Water,530,80,74,74,126,116,60
1297,Fairy,530,80,74,74,126,116,60
1298,Normal,265,35,75,30,30,30,65
1299,Flying,265,35,75,30,30,30,65
1300,Normal,355,55,85,50,40,50,75
1301,Flying,355,55,85,50,40,50,75
1302,Normal,485,80,120,75,75,75,60
1303,Flying,485,80,120,75,75,75,60
1304,Normal,253,48,70,30,30,30,45
1305,Normal,418,88,110,60,55,60,45
1306,Bug,300,47,62,45,55,45,46
1307,Bug,400,57,82,95,55,75,36
1308,Electric,400,57,82,95,55,75,36
1309,Bug,500,77,70,90,145,75,43
1310,Electric,500,77,70,90,145,75,43
1311,Fighting,338,47,82,57,42,47,63
1312,Fighting,478,97,132,77,62,67,43
1313,Ice,478,97,132,77,62,67,43
1314,Fire,476,75,70,70,98,70,93
1315,Flying,476,75,70,70,98,70,93
1316,Electric,476,75,70,70,98,70,93
1317,Flying,476,75,70,70,98,70,93
1318,Psychic,476,75,70,70,98,70,93
1319,Flying,476,75,70,70,98,70,93
1320,Ghost,476,75,70,70,98,70,93
1321,Flying,476,75,70,70,98,70,93
1322,Bug,304,40,45,40,55,40,84
1323,Fairy,304,40,45,40,55,40,84
1324,Bug,464,60,55,60,95,70,124
1325,Fairy,464,60,55,60,95,70,124
1326,Rock,280,45,65,40,30,40,60
1327,Rock,280,45,65,40,30,40,60
1328,Rock,487,75,115,65,55,65,112
1329,Rock,487,85,115,75,55,75,82
1330,Rock,487,75,117,65,55,65,110
1331,Water,175,45,20,20,25,25,40
1332,Water,620,45,140,130,140,135,30
1333,Poison,305,50,53,62,43,52,45
1334,Water,305,50,53,62,43,52,45
1335,Poison,495,50,63,152,53,142,35
1336,Water,495,50,63,152,53,142,35
1337,Ground,385,70,100,70,45,55,45
1338,Ground,500,100,125,100,55,85,35
1339,Water,269,38,40,52,40,72,27
1340,Bug,269,38,40,52,40,72,27
1341,Water,454,68,70,92,50,132,42
1342,Bug,454,68,70,92,50,132,42
1343,Grass,250,40,55,35,50,35,35
1344,Grass,480,70,105,90,80,90,45
1345,Grass,285,40,35,55,65,75,15
1346,Fairy,285,40,35,55,65,75,15
1347,Grass,405,60,45,80,90,100,30
1348,Fairy,405,60,45,80,90,100,30
1349,Poison,320,48,44,40,71,40,77
1350,Fire,320,48,44,40,71,40,77
1351,Poison,480,68,64,60,111,60,117
1352,Fire,480,68,64,60,111,60,117
1353,Normal,340,70,75,50,45,50,50
1354,Fighting,340,70,75,50,45,50,50
1355,Normal,500,120,125,80,55,60,60
1356,Fighting,500,120,125,80,55,60,60
1357,Grass,210,42,30,38,30,38,32
1358,Grass,290,52,40,48,40,48,62
1359,Grass,510,72,120,98,50,98,72
1360,Fairy,485,51,52,90,82,110,100
1361,Normal,490,90,60,80,90,110,60
1362,Psychic,490,90,60,80,90,110,60
1363,Fighting,490,100,120,90,40,60,80
1364,Bug,230,25,35,40,20,30,80
1365,Water,230,25,35,40,20,30,80
1366,Bug,530,75,125,140,60,90,40
1367,Water,530,75,125,140,60,90,40
1368,Ghost,320,55,55,80,70,45,15
1369,Ground,320,55,55,80,70,45,15
1370,Ghost,480,85,75,110,100,75,35
1371,Ground,480,85,75,110,100,75,35
1372,Water,410,55,60,130,30,130,5
1373,Normal,534,95,95,95,95,95,59
1374,Normal,570,95,95,95,95,95,95
1375,Rock,440,60,60,100,60,100,60
1376,Flying,440,60,60,100,60,100,60
1377,Rock,500,60,100,60,100,60,120
1378,Flying,500,60,100,60,100,60,120
1379,Normal,480,65,115,65,75,95,65
1380,Fire,485,60,78,135,91,85,36
1381,Dragon,485,60,78,135,91,85,36
1382,Electric,435,65,98,63,40,73,96
1383,Steel,435,65,98,63,40,73,96
1384,Ghost,476,55,90,80,50,105,96
1385,Fairy,476,55,90,80,50,105,96
1386,Water,475,68,105,70,70,70,92
1387,Psychic,475,68,105,70,70,70,92
1388,Normal,485,78,60,85,135,91,36
1389,Dragon,485,78,60,85,135,91,36
1390,Ghost,517,70,131,100,86,90,40
1391,Grass,517,70,131,100,86,90,40
1392,Dragon,300,45,55,65,45,45,45
1393,Dragon,420,55,75,90,65,70,65
1394,Fighting,420,55,75,90,65,70,65
1395,Dragon,600,75,110,125,100,105,85
1396,Fighting,600,75,110,125,100,105,85
1397,Electric,570,70,115,85,95,75,130
1398,Fairy,570,70,115,85,95,75,130
1399,Psychic,570,70,85,75,130,115,95
1400,Fairy,570,70,85,75,130,115,95
1401,Grass,570,70,130,115,85,95,75
1402,Fairy,570,70,130,115,85,95,75
1403,Water,570,70,75,115,95,130,85
1404,Fairy,570,70,75,115,95,130,85
1405,Psychic,200,43,29,31,29,31,37
1406,Psychic,400,43,29,131,29,131,37
1407,Psychic,680,137,137,107,113,89,97
1408,Steel,680,137,137,107,113,89,97
1409,Psychic,680,137,113,89,137,107,97
1410,Ghost,680,137,113,89,137,107,97
1411,Rock,570,109,53,47,127,131,103
1412,Poison,570,109,53,47,127,131,103
1413,Bug,570,107,139,139,53,53,79
1414,Fighting,570,107,139,139,53,53,79
1415,Bug,570,71,137,37,137,37,151
1416,Fighting,570,71,137,37,137,37,151
1417,Electric,570,83,89,71,173,71,83
1418,Steel,570,97,101,103,107,101,61
1419,Flying,570,97,101,103,107,101,61
1420,Grass,570,59,181,131,59,31,109
1421,Steel,570,59,181,131,59,31,109
1422,Dark,570,223,101,53,97,53,43
1423,Dragon,570,223,101,53,97,53,43
1424,Psychic,600,97,107,101,127,89,79
1425,Psychic,680,97,157,127,113,109,77
1426,Steel,680,97,157,127,113,109,77
1427,Psychic,680,97,113,109,157,127,77
1428,Ghost,680,97,113,109,157,127,77
1429,Psychic,754,97,167,97,167,97,129
1430,Dragon,754,97,167,97,167,97,129
1431,Steel,600,80,95,115,130,115,65
1432,Fairy,600,80,95,115,130,115,65
1433,Fighting,600,90,125,80,90,90,125
1434,Ghost,600,90,125,80,90,90,125
1435,Poison,420,67,73,67,73,67,73
1436,Poison,540,73,73,73,127,73,121
1437,Dragon,540,73,73,73,127,73,121
1438,Rock,570,61,131,211,53,101,13
1439,Steel,570,61,131,211,53,101,13
1440,Fire,570,53,127,53,151,79,107
1441,Ghost,570,53,127,53,151,79,107
1442,Electric,600,88,112,75,102,80,143
1443,Steel,300,46,65,65,55,35,34
1444,Steel,600,135,143,143,80,65,34
1445,Grass,310,50,65,50,40,40,65
1446,Grass,420,70,85,70,55,60,80
1447,Grass,530,100,125,90,60,70,85
1448,Fire,310,50,71,40,40,40,69
1449,Fire,420,65,86,60,55,60,94
1450,Fire,530,80,116,75,65,75,119
1451,Water,310,50,40,40,70,40,70
1452,Water,420,65,60,55,95,55,90
1453,Water,530,70,85,65,125,65,120
1454,Normal,275,70,55,55,35,35,25
1455,Normal,460,120,95,95,55,75,20
1456,Flying,245,38,47,35,33,35,57
1457,Flying,365,68,67,55,43,55,77
1458,Flying,495,98,87,105,53,85,67
1459,Steel,495,98,87,105,53,85,67
1460,Bug,180,25,20,20,25,45,45
1461,Bug,335,50,35,80,50,90,30
1462,Psychic,335,50,35,80,50,90,30
1463,Bug,505,60,45,110,80,120,90
1464,Psychic,505,60,45,110,80,120,90
1465,Dark,245,40,28,28,47,52,50
1466,Dark,455,70,58,58,87,92,90
1467,Grass,250,40,40,60,40,60,10
1468,Grass,460,60,50,90,80,120,60
1469,Normal,270,42,40,55,40,45,48
1470,Normal,490,72,80,100,60,90,88
1471,Water,284,50,64,50,38,38,44
1472,Water,485,90,115,90,48,68,74
1473,Rock,485,90,115,90,48,68,74
1474,Electric,270,59,45,50,40,50,26
1475,Electric,490,69,90,60,90,60,121
1476,Rock,240,30,40,50,40,50,30
1477,Rock,410,80,60,90,60,70,50
1478,Fire,410,80,60,90,60,70,50
1479,Rock,510,110,80,120,80,90,30
1480,Fire,510,110,80,120,80,90,30
1481,Grass,260,40,40,80,40,40,20
1482,Dragon,260,40,40,80,40,40,20
1483,Grass,485,70,110,80,95,60,70
1484,Dragon,485,70,110,80,95,60,70
1485,Grass,485,110,85,80,100,80,30
1486,Dragon,485,110,85,80,100,80,30
1487,Ground,315,52,57,75,35,50,46
1488,Ground,510,72,107,125,65,70,71
1489,Flying,475,70,85,55,85,95,85
1490,Water,475,70,85,55,85,95,85
1491,Water,280,41,63,40,40,30,66
1492,Water,490,61,123,60,60,50,136
1493,Electric,242,40,38,35,54,35,40
1494,Poison,242,40,38,35,54,35,40
1495,Electric,502,75,98,70,114,70,75
1496,Poison,502,75,98,70,114,70,75
1497,Electric,502,75,98,70,114,70,75
1498,Poison,502,75,98,70,114,70,75
1499,Fire,305,50,65,45,50,50,45
1500,Bug,305,50,65,45,50,50,45
1501,Fire,525,100,115,65,90,90,65
1502,Bug,525,100,115,65,90,90,65
1503,Fighting,310,50,68,60,50,50,32
1504,Fighting,480,80,118,90,70,80,42
1505,Ghost,308,40,45,45,74,54,50
1506,Ghost,508,60,65,65,134,114,70
1507,Psychic,265,42,30,45,56,53,39
1508,Psychic,370,57,40,65,86,73,49
1509,Psychic,510,57,90,95,136,103,29
1510,Fairy,510,57,90,95,136,103,29
1511,Dark,265,45,45,30,55,40,50
1512,Fairy,265,45,45,30,55,40,50
1513,Dark,370,65,60,45,75,55,70
1514,Fairy,370,65,60,45,75,55,70
1515,Dark,510,95,120,65,95,75,60
1516,Fairy,510,95,120,65,95,75,60
1517,Dark,520,93,90,101,60,81,95
1518,Normal,520,93,90,101,60,81,95
1519,Steel,440,70,110,100,50,60,50
1520,Ghost,510,60,95,50,145,130,30
1521,Fighting,507,62,135,95,68,82,65
1522,Psychic,520,80,85,75,110,100,70
1523,Ice,520,80,85,75,110,100,70
1524,Ground,483,58,95,145,50,105,30
1525,Ghost,483,58,95,145,50,105,30
1526,Fairy,270,45,40,40,50,61,34
1527,Fairy,495,65,60,75,110,121,64
1528,Fighting,470,65,100,100,70,60,75
1529,Electric,435,48,101,95,91,85,15
1530,Ice,185,30,25,35,45,30,20
1531,Bug,185,30,25,35,45,30,20
1532,Ice,475,70,65,60,125,90,65
1533,Bug,475,70,65,60,125,90,65
1534,Rock,470,100,125,135,20,20,70
1535,Ice,470,75,80,110,65,90,50
1536,Ice,470,75,80,70,65,50,130
1537,Psychic,475,60,65,55,105,95,95
1538,Normal,475,60,65,55,105,95,95
1539,Psychic,475,70,55,65,95,105,85
1540,Normal,475,70,55,65,95,105,85
1541,Electric,436,58,95,58,70,58,97
1542,Dark,436,58,95,58,70,58,97
1543,Electric,436,58,95,58,70,58,97
1544,Dark,436,58,95,58,70,58,97
1545,Steel,330,72,80,49,40,49,40
1546,Steel,500,122,130,69,80,69,30
1547,Electric,505,90,100,90,80,70,75
1548,Dragon,505,90,100,90,80,70,75
1549,Electric,505,90,100,90,90,80,55
1550,Ice,505,90,100,90,90,80,55
1551,Water,505,90,90,100,70,80,75
1552,Dragon,505,90,90,100,70,80,75
1553,Water,505,90,90,100,80,90,55
1554,Ice,505,90,90,100,80,90,55
1555,Steel,535,70,95,115,120,50,85
1556,Dragon,535,70,95,115,120,50,85
1557,Dragon,270,28,60,30,40,30,82
1558,Ghost,270,28,60,30,40,30,82
1559,Dragon,410,68,80,50,60,50,102
1560,Ghost,410,68,80,50,60,50,102
1561,Dragon,600,88,120,75,100,75,142
1562,Ghost,600,88,120,75,100,75,142
1563,Fairy,720,92,170,115,80,115,148
1564,Steel,720,92,170,115,80,115,148
1565,Fairy,670,92,130,115,80,115,138
1566,Fighting,720,92,130,145,80,145,128
1567,Steel,720,92,130,145,80,145,128
1568,Fighting,670,92,130,115,80,115,138
1569,Poison,690,140,85,95,145,95,130
1570,Dragon,690,140,85,95,145,95,130
1571,Poison,1125,255,115,250,125,250,130
1572,Dragon,1125,255,115,250,125,250,130
1573,Fighting,385,60,90,60,53,50,72
1574,Fighting,550,100,130,100,63,60,97
1575,Dark,550,100,130,100,63,60,97
1576,Fighting,550,100,130,100,63,60,97
1577,Water,550,100,130,100,63,60,97
1578,Dark,600,105,120,105,70,95,105
1579,Grass,600,105,120,105,70,95,105
